datetime	content	title	channels
2020-05-17 23:57:49	  白宫贸易顾问纳瓦罗抨击美国疾控中心称，疾控中心在新冠肺炎检测方面拖累了国家。		国际
2020-05-17 23:55:53	阿斯利康制药与牛津签署疫苗全球许可协议。		国际
2020-05-17 23:46:36	  据人民日报：中国驻以色列大使杜伟不幸于5月17日在特拉维夫去世。初步判断，杜伟大使因身体健康原因意外去世，具体还需进一步核实。		国际
2020-05-17 23:42:43	  英国新增新冠肺炎确诊病例3142例至243303例，累计死亡病例34636例，前一日为34466例。		国际 疫情
2020-05-17 23:41:25	  据天空新闻：通过抗疫大型企业贷款援助计划（CLBILS）获得贷款的英国企业将被禁止派息。		公司
2020-05-17 23:33:56	  中国移动今日在中国移动5G生态合作伙伴大会上提出多个5G生态产品的规模目标，其中在5G消息方面，力争客户规模超9亿。（中证报）		公司
2020-05-17 23:31:17	  伊拉克新增新冠肺炎确诊病例144例，累计确诊3404例。		国际
2020-05-17 23:23:54	  英国央行首席经济学家霍尔丹称，英国央行考虑负利率。		国际
2020-05-17 23:20:39	  阿联酋航空：没有宣布大规模裁员。		公司 国际
2020-05-17 23:13:47	  美联储主席鲍威尔：这是一个痛苦的时刻，来得既迅速又强劲。		国际
2020-05-17 23:10:37	  【中国驻以色列大使因身体原因不幸去世】经了解，中国驻以色列大使杜伟不幸于5月17日在特拉维夫去世。初步判断，杜伟大使因身体健康原因意外去世，具体还需进一步核实。(中国之声)		国际
2020-05-17 23:10:20	  前美国国家经济顾问科恩：财税状况需要再度调整。		国际
2020-05-17 23:10:12	  美联储主席鲍威尔：全面的经济复苏需要人们对疫情充满信心。		国际
2020-05-17 23:08:58	美联储主席鲍威尔：经济将在第二到第三季度“稳步”复苏。		国际
2020-05-17 23:07:24	  美联储主席鲍威尔：需要疫苗以实现全面复苏。		国际
2020-05-17 23:06:56	  美联储主席鲍威尔：（经济）将需要一段时间以复苏，长期来看经济将会复苏。经济复苏的时间或将延长至明年年底。		国际
2020-05-17 23:02:21	【伊朗：本月底所有餐厅及酒店将重新开放】当地时间17日，据伊朗迈赫尔通讯社报道，国家抗击新冠肺炎工作组会议决定斋月过后，即本月24日左右，全国范围内的餐饮行业和酒店将重新开放。据悉，自5月4日起，伊朗餐厅已经开始营业，但仅提供外卖服务。（央视）		国际
2020-05-17 22:53:24	  Bitfinex报价显示，比特币价格短线上扬，突破9800美元关口。		市场 国际
2020-05-17 22:41:30	【国金证券：A股步入“两会”窗口 风险偏好有望进一步提升】国金证券研报称，A股市场逐渐步入两会窗口，当前市场对于财政政策的力度存在一定分歧，预计财政政策的力度或超市场预期。A股市场风险偏好或进一步抬升。从股票风险溢价来看，当前A股股票风险溢价仍处在比较高的位置，在疫情冲击下，当前市场风险偏好并不高，后续在刺激政策的催化下风险偏好有望迎来修复。此外，以A股为代表的新兴市场将持续受益于全球流动性宽松大环境。行业配置建议聚焦“消费+基建”等供需两端受益的行业。		公司 A股
2020-05-17 22:34:50	  据半岛电视台：黎巴嫩总理称黎巴嫩周一将部分重启。		国际
2020-05-17 22:23:33	  沙特主权财富基金称其“流动性充足”。		国际
2020-05-17 22:20:10	  沙特主权财富基金：没有有关软银愿景基金支持的保证金贷款计划。		国际
2020-05-17 22:12:17	  据阿富汗黎明新闻报道，当地时间17日阿富汗总统阿什拉夫·加尼（Ashraf Ghani）和前首席执行官阿卜杜拉·阿卜杜拉（Abdullah Abdullah）签署了一份权力分享协议，打破了持续数月的阿国内政治僵局。（央视）		国际
2020-05-17 22:11:28	  【美国科罗拉多州修改病死统计标准：死亡人数骤降近1/4】据《国会山报》16日报道，美国科罗拉多州公共卫生与环境部对新冠肺炎死亡人数的计算方式进行了重大修改。现在，该州卫生部列出，1150名科罗拉多居民“在死亡时感染了新冠病毒”，但其中只有878人是“死于感染新冠病毒”。（人民日报）		国际 疫情
2020-05-17 22:10:14	  美国地质勘探局：汤加内亚富西部91公里处发生5.0级地震。		国际
2020-05-17 22:08:22	  阿联酋航空据悉正在考虑让A380机队提前退役。		国际
2020-05-17 22:06:26	特朗普称，在从医学方面解决新冠肺炎疫情上做得很好。		国际
2020-05-17 22:05:34	  据悉，阿联酋航空集团考虑考虑裁员约3万人。		公司
2020-05-17 22:04:52	【黄金价格创下2012年以来新高 黄金股业绩弹性望充分展现】据wind数据，受避险情绪升温影响，近日国际黄金价格走强，实现4连涨。5月15日，伦敦现货黄金收报1741美元/盎司，盘中一度创下2012年以来最高水平。安信证券认为，随着疫情逐渐消退、复工逐渐开启、先前大幅下跌的货币乘数逐渐回升，再叠加原油开始减产，通胀预期有望回升，实际利率将进入深度负值区间，金价有望创出历史新高，黄金股业绩弹性和资本运作潜力有望充分展现。关注赤峰黄金、山东黄金、湖南黄金等。（怀新资讯）		市场
2020-05-17 22:00:49	  以色列议会批准总理内塔尼亚胡领导的新联合政府。		国际
2020-05-17 21:56:53	  【美国科罗拉多州修改病死统计标准：死亡人数骤降近1/4】据《国会山报》16日报道，美国科罗拉多州公共卫生与环境部对新冠肺炎死亡人数的计算方式进行了重大修改。现在，该州卫生部列出，1150名科罗拉多居民“在死亡时感染了新冠病毒”，但其中只有878人是“死于感染新冠病毒”。		国际 疫情
2020-05-17 21:45:38	  厚普股份：以6000万元收购嘉绮瑞航空装备公司60%股权。		公司
2020-05-17 21:28:50	  约翰斯·霍普金斯大学健康安全中心主任Inglesby：如果幸运的话，可能会在12-18个月内出现新冠肺炎疫苗。		观点
2020-05-17 21:11:00	  摩根大通将小米集团评级上调至中性，目标价12港元。		公司
2020-05-17 21:08:55	  美国卫生部部长Azar：重新开放地区没有出现新冠肺炎病例高峰。不重新开放也会造成不利于健康的后果。		国际 疫情
2020-05-17 21:06:28	  【5月18日起北京市轨道交通满载率控制指标上调至80%】根据交通运输部《关于印发客运场站和交通运输工具新冠肺炎疫情分区分级防控指南（第三版）的通知》关于低风险地区可逐步有序放开公共交通满载率限制的相关要求，经专家评估，5月18日起，北京市将进一步调整公共交通满载率控制指标。其中，地面公交由75%上调至90%，轨道交通由65%上调至80%。（央视新闻）		其他
2020-05-17 20:52:10	  沙特报告新增2736例新冠肺炎确诊病例，周六为2840例。		国际 疫情
2020-05-17 20:46:23	  【安信策略：对外需复苏保持乐观】安信策略研报称，未来几个月，A股的核心不是精准把握小波动，而是要确保把握住“复苏牛”的大趋势。海外对疫情的应对也是一个动态的学习和进步的过程，海外经济复工与复苏的前景并不悲观。一旦海外经济从疫情中走出来，那么其改善弹性更大，这对于A股中对外依存度较高行业的业绩将有较为明显提振。预计A股仍将受益于流动性、盈利与风险偏好的持续边际改善，呈现震荡向上趋势。		观点
2020-05-17 20:45:47	  中国广电5G移动终端即将推向商用市场。		焦点
2020-05-17 20:45:09	十三届全国人大常委会举行第五十四次委员长会议。委员长会议建议，十三届全国人大常委会第十八次会议增加审议全国人大常委会代表资格审查委员会关于个别代表的代表资格的报告和有关任免案等。		宏观
2020-05-17 20:37:44	  【中泰证券：国内手机市场4月出货强势反弹 看好下半年5G引领手机需求向上】中泰证券研报称，4月智能机的强势反弹，是对Q1受疫情冲击而大幅下调的手机销售的强势修复。手机有其换机节律，硬件升级和消费体验并驱，这些因素不会因疫情消失，尤其在5G建设带动下运营商补贴推升5G用户渗透率将助推消费者更换新终端的意愿，预计下半年将迎来5G引领的手机换机潮，5G手机出货量占比有望持续提升，参考4G发展，国内5G用户渗透率将有望在三年左右趋向饱和。		市场
2020-05-17 20:23:45	  【中国联通宣布迈入三千兆时代，将推出三千兆5G融合套餐】5月17日是世界电信和信息社会日，中国联通宣布正式进入“三千兆”时代，将以“千兆5G、千兆宽带、千兆WiFi”构建业务和网络服务能力，打造全场景高速上网服务。中国联通市场部副总经理尹少春表示，基于5G、10GPON、WiFi6等新技术推出的联通三千兆业务，可以通过“高带宽+大语音+大流量+大视频+智能组网+丰富权益”向联通用户提供一站式高速上网服务。		公司
2020-05-17 20:12:24	交易平台Bitfinex显示，比特币短线拉升170美元，现报9672美元/枚。		市场
2020-05-17 20:06:26	  【广发证券郭磊：疫情对全球经济冲击最大的阶段正在过去】广发证券首席宏观分析师、金牛最佳分析师郭磊17日晚表示，疫情对全球经济冲击最大的阶段正在过去，欧美也在积极复工，虽然欧美新增病例还是偏多，但逐步复工已经开始。疫情目前的阶段是顶部平台期，已经过了快速上升的阶段，但主要指标还没有下来，疫情内部结构发生了变化。		观点
2020-05-17 20:02:02	  葡萄牙新冠肺炎确诊病例升至29036例，此前为28810例。		国际 疫情
2020-05-17 19:53:25	【5月17日《新闻联播》主要内容】今天《新闻联播》的主要内容有：1、中共中央 国务院《关于新时代推进西部大开发形成新格局的指导意见》；2、十三届全国人大常委会举行第五十四次委员长会议 栗战书主持；3、【决战决胜脱贫攻坚】我国2019年申请脱贫摘帽的344个贫困县全部脱贫摘帽；4、新华社长篇通讯：风雨无阻向前进——写在全国疫情防控阻击战取得重大战略成果之际；5、人类命运与共 携手抗击疫情；6、【两会一年间】创新监督方式 更好助力经济社会发展和改革攻坚任务；7、国务院联防联控机制新闻发布会：黑龙江现有病例全部治愈出院；8、世卫：全球新冠肺炎确诊病例近450万；9、国际锐评：“大炮连天”的美国政客是在真防疫还是在演大片？		宏观 焦点
2020-05-17 19:39:18	  【北京将建设公共卫生安全应急保障基地】17日，北京新冠肺炎疫情防控工作领导小组复工复产防控组副组长、北京市发展改革委主任谈绪祥在发布会上表示，北京市正在加紧研究建设北京市公共卫生安全应急保障基地，优先利用工业腾退用地建设基地，进一步提升全市应急医疗物资保障能力和水平。他强调，基地不是简单的加大仓储能力，以实物储备为基础，以能力储备为核心，以信息储备为保障，形成统一调度、统一管理、统一配送的公共卫生安全应急物资保障网络。		疫情
2020-05-17 19:27:33	  印度将全国封锁延长至5月31日。		国际
2020-05-17 19:20:30	  格力电器：5月18日格力董明珠店将举行新品首发。		公司
2020-05-17 19:13:49	  【联合国粮食及农业组织首席经济学家：目前并没有看出中国会出现粮食危机】联合国粮食及农业组织首席经济学家马克西莫·托雷罗接受邮件专访表示，目前并没有看出中国会出现粮食危机。中国在粮食安全和粮食生产方面已取得巨大飞跃，谷物库存水平很高。人口众多的国家需要确保照顾到最贫困人口，他们大多在农村地区。这可以通过有针对性的投资、财政激励措施和多种方式来完成。避免粮食危机的第一步是不让任何一个人掉队。在病毒大流行时期，这比以往任何时候都更加重要，因为我们需要每个人都安全。（国际金融报）		其他
2020-05-17 19:07:58	  中共中央、国务院关于新时代推进西部大开发形成新格局的指导意见： 优化能源供需结构。优化煤炭生产与消费结构，推动煤炭清洁生产与智能高效开采，积极推进煤炭分级分质梯级利用，稳步开展煤制油、煤制气、煤制烯烃等升级示范。建设一批石油天然气生产基地。加快煤层气等勘探开发利用。构建多层次天然气储备体系，在符合条件的地区加快建立地下储气库。支持符合环保、能效等标准要求的高载能行业向西部清洁能源优势地区集中。		宏观
2020-05-17 18:59:05	  中共中央、国务院关于新时代推进西部大开发形成新格局的指导意见：努力营造良好营商环境。深化“放管服”改革，加快建设服务型政府。落实全国统一的市场准入负面清单制度，推动“非禁即入”普遍落实。强化竞争政策的基础性地位，进一步落实公平竞争审查制度。		宏观
2020-05-17 18:58:51	  中共中央 国务院关于新时代推进西部大开发形成新格局的指导意见：继续加大西电东送等跨省区重点输电通道建设，提升清洁电力输送能力。加强电网调峰能力建设，有效解决弃风弃光弃水问题。积极推进配电网改造行动和农网改造升级，提高偏远地区供电能力。加快北煤南运通道和大型煤炭储备基地建设，继续加强油气支线、终端管网建设。构建多层次天然气储备体系，在符合条件的地区加快建立地下储气库。		宏观
2020-05-17 18:55:34	中共中央、国务院关于新时代推进西部大开发形成新格局的指导意见： 深化要素市场化配置改革。提高西部地区直接融资比例，支持符合条件的企业在境内外发行上市融资、再融资，通过发行公司信用类债券、资产证券化产品融资。西部贫困地区企业首次公开发行上市、新三板挂牌、发行债券、并购重组等适用绿色通道政策。		焦点
2020-05-17 18:53:41	中共中央、国务院关于新时代推进西部大开发形成新格局的指导意见：  强化开放大通道建设。积极实施中新（重庆）战略性互联互通示范项目。完善北部湾港口建设，打造具有国际竞争力的港口群，加快培育现代海洋产业，积极发展向海经济。积极发展多式联运，加快铁路、公路与港口、园区连接线建设。强化沿江铁路通道运输能力和港口集疏运体系建设。		宏观
2020-05-17 18:52:16	  中共中央、国务院关于新时代推进西部大开发形成新格局的指导意见：  加强可再生能源开发利用，开展黄河梯级电站大型储能项目研究，培育一批清洁能源基地。加快风电、光伏发电就地消纳。继续加大西电东送等跨省区重点输电通道建设，提升清洁电力输送能力。加强电网调峰能力建设，有效解决弃风弃光弃水问题。积极推进配电网改造行动和农网改造升级，提高偏远地区供电能力。		宏观
2020-05-17 18:51:29	中共中央、国务院关于新时代推进西部大开发形成新格局的指导意见： 强化基础设施规划建设。提高基础设施通达度、通畅性和均等化水平，推动绿色集约发展。加强横贯东西、纵贯南北的运输通道建设，拓展区域开发轴线。强化资源能源开发地干线通道规划建设。加快川藏铁路、沿江高铁、渝昆高铁、西（宁）成（都）铁路等重大工程规划建设。		宏观
2020-05-17 18:50:38	  中共中央、国务院关于新时代推进西部大开发形成新格局的指导意见：以共建“一带一路为引领，加大西部开放力度，积极参与和融入“一带一路”建设。支持新疆加快丝绸之路经济带核心区建设，形成西向交通枢纽和商贸物流、文化科教、医疗服务中心支持重庆、四川、陕西发挥综合优势，打造内陆开放高地和开发开放枢纽支持甘肃、陕西充分发掘历史文化优势，发挥丝绸之路经济带重要通道、节点作用。支持贵州、青海深化国内外生态合作，推动绿色丝绸之路建设。		宏观
2020-05-17 18:49:57	  中共中央、国务院关于新时代推进西部大开发形成新格局的指导意见：到2035年，西部地区基本实现社会主义现代化，基本公共服务、基础设施通达程度、人民生活水平与东部地区大体相当，努力实现不同类型地区互补发展、东西双向开放协同并进、民族边疆地区繁荣安全稳固、人与自然和谐共生。		宏观
2020-05-17 18:46:54	  新华社受权发布《中共中央、国务院关于新时代推进西部大开发形成新格局的指导意见》。		焦点
2020-05-17 18:45:25	 【内蒙古将对符合条件企业给予一次性吸纳就业补贴】 从内蒙古自治区新冠肺炎疫情防控工作指挥部召开的新闻发布会上获悉，内蒙古将对符合条件的用工企业给予一次性吸纳就业补贴。内蒙古自治区人力资源和社会保障厅厅长那炜清表示，内蒙古将对在自治区内注册的、招用毕业年度高校毕业生并签订1年以上劳动合同的中小微企业，按每人不低于1000元给予企业一次性吸纳就业补贴，政策受理截止日期为2020年12月31日。（新华社）		其他
2020-05-17 18:41:07	美国约翰·霍普金斯大学发布的实时统计数据显示，截至北京时间2020年05月17日18:38，全球累计确诊4651119例，累计死亡312115例，累计确诊国家和地区数188个。		疫情
2020-05-17 18:34:25	  卡塔尔报告新增1632例新冠肺炎确诊病例，周六报告1547例。		国际 疫情
2020-05-17 18:33:29	  【金新农：出资1亿元与关联方设立控股公司 扩大广东生猪养殖规模】金新农公告，为进一步提升公司养殖实力，扩大养殖规模，拟与关联方金农现代共同出资设立广州天种牧业有限公司（暂定名），暂定注册资本2亿元，其中公司出资1.02亿元，持股比例为51%。广州天种将借助金农现代雄厚的资金实力，以“轻资产”模式租赁猪场，快速扩大公司在广东地区的生猪养殖规模。		公司
2020-05-17 18:27:42	  澳大利亚累计新冠肺炎确诊病例增至7045例，累计死亡病例增至98例。		国际 疫情
2020-05-17 18:19:16	  【武汉出台公积金支持政策：受疫情影响未按月缴存视作连续足额缴存】据长江日报报道，武汉公积金专门出台相关支持政策，加强了公积金的服务保障。因疫情原因，公积金贷款出现逾期，也不影响个人征信。从今年2月起到6月底，公积金中心将对受疫情影响未能正常还款的职工采取以下支持措施：不视为违约，不收取逾期罚息（已计收的罚息作退回处理）；不纳入违约客户黑名单，不上报逾期征信记录（已经上报的予以调整）；自今年7月份起，贷款职工应当按《借款抵押合同》约定偿还住房公积金个人贷款本息。		其他
2020-05-17 18:13:39	  【北京：将继续对社区实行封闭式管理】 今天下午，北京市新型冠状病毒肺炎疫情防控工作新闻发布会上，北京新冠肺炎疫情防控工作领导小组社区防控组副组长、北京市委组织部副部长张革介绍，作为首都，北京市社区的防控面临的任务依然繁重。要继续坚持外防输入、内防反弹，做到“三防”“四早”“九严格”。要继续严格社区村的封闭式管理，用好“健康宝”小程序。继续聚焦重点地区重点人群，严格入境和中高风险地区返京人员的管控，完善应急处置的预案。（北京日报）		疫情
2020-05-17 18:07:39	  【市场监管总局：哄抬防疫物资价格 将一查到底】市场监管总局称，高度重视近期熔喷布等防疫物资价格再度暴涨情况，组成专案组，赴江苏、上海、浙江、广东等地严查中间商和生产厂家价格违法行为，坚决斩断哄抬熔喷布等防疫物资价格的违法链条。各级市场监管部门将进一步加大对熔喷布等防疫物资价格监管力度，对疫情防控期间哄抬价格、发“疫情财”的违法者严惩不贷、一查到底，全力维护市场秩序。		焦点
2020-05-17 17:59:58	  伊朗报告新增340例新冠肺炎确诊病例，前一日新增数为1757例；新增死亡病例51例，前一日新增数为35例。		疫情
2020-05-17 17:53:03	  据华尔街日报：美国据悉将对小企业援助计划进行修订。		国际
2020-05-17 17:52:37	  光莆股份：非公开发行股票申请获证监会审核通过。		公司
2020-05-17 17:48:52	【今年以来券商短期融资券发行规模已超3400亿】在今年货币宽松背景下，证券公司抢抓“低利率”时间窗口，积极推进债券融资，债券发行市场异常火热。相对于公司债，短期融资券更受券商青睐。同时，短期融资券资金成本逐渐走低。4月以来，证券公司发行短期融资券资金成本普遍低于2%，进入“1%时代”。统计数据显示，今年以来券商短期融资券发行规模已超3400亿。		市场
2020-05-17 17:41:00	  【富临运业：子公司发生道路交通事故】富临运业公告，5月16日，公司子公司遂宁公司所属川J28129号客车，从西昌驶往遂宁（车辆核载39人、实载36人）途中，在G5雅西高速西雅方向K2053公里处苏村坝大渡河大桥上发生侧翻，造成2人当场死亡、4人经医院抢救无效死亡、3人重伤的道路交通事故。目前该事故原因及责任认定还在调查中，公司将配合有关部门妥善处理本次事故善后工作，本次事故未对公司生产经营造成重大影响。		公司
2020-05-17 17:40:31	  【瑞士将采取进一步经济措施促重启】当地时间17日，瑞士联邦经济委员盖·帕尔梅林（Guy Parmelin）表示，瑞士将采取进一步的经济措施促重启，他希望提供进一步的中长期激励计划，以提振经济。帕尔梅林表示国家可以加快已经批准的项目，为企业提供一个机会，特别是那些基础设施项目。此外，他希望在公开招标中尽可能优先考虑瑞士本土公司。		国际
2020-05-17 17:38:56	  【吉林市丰满区：18日起 除超市外商贸流通企业暂停营业】吉林省新冠肺炎疫情防控工作领导小组将丰满区风险等级由中风险调整为高风险。根据疫情防控形势需要以及省、市相关要求，经丰满区新冠肺炎疫情防控工作领导小组研究决定，吉林市丰满区商务局今日发布了《丰满区关于商贸流通企业（单位）暂停营业的通知》，通知称，自2020年5月18日零时起，对丰满区内商贸流通企业（单位）暂停营业。		疫情
2020-05-17 17:37:17	  【新纶科技：银川金融控股集团拟入主】新纶科技公告，公司控股股东、实际控制人侯毅将其所持有的公司股份共2.58亿股（占公司总股本的22.35%）的表决权全部委托至银川金融控股集团有限公司行使。银川金融控股集团以包括但不限于表决权委托及/或受让股份、参与定增、二级市场增持等方式取得公司控制权，向公司和侯毅提供财务支持。		公司
2020-05-17 17:34:36	  【股票私募仓位创年内新高】来自第三方机构的最新私募仓位监测数据显示，截至最新一期净值披露日（5月8日），国内所有规模股票私募仓位和百亿级股票私募仓位分别报74.06%和85.13%，双双刷新年内新高。		市场
2020-05-17 17:31:40	  沙特TASI指数涨幅扩大至1.5%。		市场
2020-05-17 17:31:33	  御家汇回复深交所关注函：网红直播是当下美妆品牌宣传推广的手段之一，但并不代表公司是网红经济概念的代表性公司。		公司
2020-05-17 17:29:14	  北京市科委主任许强介绍，目前北京有3种新冠检测试剂通过审批，5种新冠治疗药品通过审批。目前，5条技术路线8个团队在进行疫苗研发，其中有3个团队进入二期临床，数据都很好。（新京报）		疫情
2020-05-17 17:27:38	【全聚德总经理周延龙：没看到报复性消费，五一后“一天比一天好”】 周延龙透露，从二季度来看，4月份以来特别是从五一开始，包括刚刚过去的5月10日母亲节，经营状况正在比较快的恢复当中。“实话说，从五一过后可以说是一比一天好，明显看到了一个上升的态势。整体上来看，外阜的恢复速度要好于北京。从北京来说，中小型门店要好于三家主力门店（注：前门、和平门、王府井）的恢复速度。” “如果报复性消费是指阶段性超出预期的消费数据，现在从市场看是没有体现出来的，没有出现集中的报复式的这种消费，是在缓慢的回升过程中，比如说今天恢复10%，明年可能是10.5%，就这样一个速度在恢复当中。” 周延龙表示。（界面）		公司
2020-05-17 17:26:02	  【以岭药业：连花清咳片获得药品注册批件】以岭药业公告，公司收到国家药品监督管理局核准签发的《药品注册批件》，药品名称为连花清咳片。作为连花清瘟胶囊/颗粒的“姊妹药”，连花清咳片在该类咳嗽领域预计会有较好的发展前景，有助于提升公司产品在感冒呼吸疾病领域的市场竞争力，未来有望成为公司新的业务增长点。		公司
2020-05-17 17:25:41	  埃斯顿：与颐中烟草（集团）有限公司签署战略合作协议，双方在新型烟草装备研发、自动化立库、物流自动化、专利与标准、联合开发团队等方面开展合作。颐中集团承诺在集团各需求模块优先使用埃斯顿的自有产品，三年使用埃斯顿机器人不低于500台，使用埃斯顿运动控制及伺服系统不低于5000根轴。		公司
2020-05-17 17:17:48	  超频三：实控人、持股5%以上股东拟向益阳高新产投公司转让9.53%公司股份，转让价格8.1225元/股，转让不会导致公司控股股东及实际控制人发生变化。		公司
2020-05-17 17:17:06	  【投资机构：百度一季度业绩表现或超预期】国际投资研究机构扎克斯权威投资研究公司最新发布的预测指出，百度一季度业绩表现或超预期，给投资人带来惊喜。扎克斯分析称，看好百度业绩超预期，原因在于在财报即将发布前夕，华尔街分析师上调了对百度的营收预期，将其营收预期上调了4.45%。从公司业务层面看，百度2020年核心业务稳健增长。用户数据快速攀升的同时，百度移动生态的创作者群体也在这一年激增。（中证网）		公司
2020-05-17 17:15:54	  【金发科技：子公司签订9.75亿美元重大口罩出口合同】金发科技(600143)5月17日晚间公告，公司子公司广东金发科技有限公司（简称“卖方”）与美国某公司（简称“买方”）签订《货物买卖合同》。在货物买卖合同期限内，卖方根据货物买卖合同及买方的具体采购订单，向买方出售KN95口罩。5月16日（北京时间），卖方收到买方的采购订单，订购金额97500万美元。货物买卖合同的顺利履行预计产生的净利润总额占公司2019年净利润的50%以上。		公司
2020-05-17 17:15:19	  凯撒旅业：以每股2.7804元向陕西正天转让长安银行0.3%股份，交易金额4608万元。		公司
2020-05-17 17:14:00	  北京市卫健委：北京核酸检测机构增至70家，日检验检测能力最高达51000份。		疫情
2020-05-17 17:13:50	  襄阳轴承：持股2.18%股东上银基金拟清仓减持。		公司
2020-05-17 17:12:05	  金发科技：子公司建设120万吨/年聚丙烯热塑性弹性体（PTPE）及改性新材料一体化项目（一阶段），总投资约为62亿元。		公司
2020-05-17 17:11:47	中信国安：因涉嫌信息披露违法违规，证监会决定对公司进行立案调查。		公司
2020-05-17 17:11:02	  双汇发展：非公开发行募资不超过70亿元，用于肉鸡产业化产能建设项目、生猪养殖产能建设项目、生猪屠宰及调理制品技术改造项目等。		公司
2020-05-17 17:03:37	  据香港“东网”报道，香港17日新增3例新冠肺炎确诊病例，均为输入病例，患者由巴基斯坦回港。（海外网）		疫情
2020-05-17 17:03:29	  比利时报告新增291例新冠肺炎确诊病例，总计55280例；新增4700例死亡病例，总计9052例。		国际 疫情
2020-05-17 17:03:20	  西班牙在过去24小时内报告87例新冠肺炎死亡病例，升至27650例，此前为27563例。		国际 疫情
2020-05-17 17:03:13	  西班牙新冠肺炎确诊病例上升至231350例，此前为230698例。		国际 疫情
2020-05-17 17:00:25	  【民进中央建议进一步降准降息】民进中央在《关于助力民营企业克服困难健康发展的提案》中建议，鼓励但不强制商业银行对主要疫情较重地区下调贷款利率，尤其是对受疫情冲击较大的行业给予支持，给予特殊时期还本付息延期政策支持。建议在二季度疫情缓和后开始进一步降准降息，保持流动性合理充裕，为实体经济提供良好的货币金融环境，探索对疫区重点金融机构定向降准等措施。（中证报）		其他
2020-05-17 16:54:02	  【中国疾控中心：目的地是高风险地区建议暂缓出差】今天下午，国务院联防联控机制召开新闻发布会，中国疾控中心研究员冯录召表示，出差、出行人员应该提前做好个人防护。在出差前要做好准备，要看一看目的地近期是否有病例或者疫情发生，如果是高风险地区，建议暂缓出差。		疫情
2020-05-17 16:53:48	【民进中央建议：发挥我国产业结构完整优势 加快制造业优化升级】民进中央在《关于以产业结构稳步升级促进经济高质量发展的提案》中建议，发挥我国产业结构完整的优势，加快制造业优化升级；建立良好创新生态系统，提升制造业技术创新能力；提升服务业劳动生产率。（中证报）		其他
2020-05-17 16:52:45	 【中通国脉：终止对瑞保生物增资】中通国脉公告，公司原拟以5000万元对关联方优迈生物设立的全资子公司瑞保生物进行增资。但交易各方未能就瑞保生物的发展战略、经营理念、企业文化建设等方面达成一致。经交易各方友好协商一致，决定终止本次对外投资暨关联交易。		公司
2020-05-17 16:45:17	【北京市副市长卢彦：将在疫苗研发上狠下工夫】北京市副市长、北京新冠肺炎疫情防控工作领导小组办公室主任、医疗保障组组长卢彦会上介绍《关于加强首都公共卫生应急管理体系建设的若干意见》。他表示，科技在防控中发挥重要作用。在摸底排查中，大数据发挥了重要作用。下一步，在研发疫苗的过程中，科技将发挥重要作用。北京将深化大数据应用，在疫苗和药物研发上狠下工夫。（新京报）		疫情
2020-05-17 16:43:24	  【江苏开展防疫物资产品质量和市场秩序专项整治行动】江苏省市场监管局会同省发改委等七部门联合开展防疫物资产品质量和市场秩序专项整治行动。对疫情发生以来新注册产品、新批准企业以及信息提示风险较高的产品加大抽检力度；对不符合相关质量标准的出口产品，追溯经销商、生产企业以及认证检验检测、价格收费各个环节。本次专项整治行动查处的各类违法违规行为，还将纳入企业信用记录，加强行刑衔接，实施联合惩戒。		行业
2020-05-17 16:42:21	  【北京：强化科技支撑 优化生物安全领域科研力量布局】5月17日下午，北京市举行新型冠状病毒肺炎疫情防控工作第107场新闻发布会。会上，北京市发布了《关于加强首都公共卫生应急管理体系建设的若干意见》。按照《意见》的要求，北京市将强化科技支撑。优化生物安全领域科研力量布局，强化疫情防治科技储备，统筹协调各方科研力量，发挥中关村企业作用，加强核心技术攻关，抓紧诊断试剂、药物、疫苗和医疗装备研发。（央视新闻）		其他
2020-05-17 16:41:48	 【商务部新闻发言人就美出台出口管制新规应询发表谈话：中方将采取一切必要措施，坚决维护中国企业的合法权益】商务部新闻发言人表示，中方注意到美方发布的针对华为公司的出口管制新规。中方对此坚决反对。美方动用国家力量，以所谓国家安全为借口，滥用出口管制等措施，对他国特定企业持续打压、遏制，是对市场原则和公平竞争的破坏，是对国际经贸基本规则的无视，更是对全球产业链供应链安全的严重威胁。这损害中国企业利益，损害美国企业利益，也损害其他国家企业的利益。中方敦促美方立即停止错误做法，为企业开展正常的贸易与合作创造条件。中方将采取一切必要措施，坚决维护中国企业的合法权益。		焦点
2020-05-17 16:41:23	  中海壳牌惠州三期乙烯项目签约，总投资额约56亿美元。		公司
2020-05-17 16:32:35	  【全球最重要的股票指数要大换血了？】标普500指数可能是世界上受关注最多的指数，有分析师指出，约30家企业面临被剔除出标普500指数成分股的风险。		市场 国际
2020-05-17 16:25:21	  【金溢科技：股东权益变动 公司实际控制人变更】金溢科技(002869)5月17日晚间公告，股东罗瑞发、刘咏平、杨成、王明宽、李娜、李朝莉出具《声明》，确认《一致行动协议》5月14日到期后不会续签，原一致行动关系亦相应解除。本次权益变动后，罗瑞发及其控股的敏行电子合计持有公司股份3020万股，未发生变化，占公司总股本的25.06%，公司实际控制人变更为罗瑞发。		公司
2020-05-17 16:25:01	英国预算责任办公室（OBR）官员CHOTE：更高水平的政府债务并不一定意味着更高程度的财政紧缩。		国际
2020-05-17 16:23:02	  【华为鲁勇：全力支持中国运营商建设全球最好的5G网络】针对世界电信日主题，华为中国区总裁鲁勇表示，华为将凭借自身在5G领域产品与解决方案的能力，全力支持中国运营商建设全球最好的5G网络。同时，华为聚焦数字包容、安全可信、绿色环保、和谐生态四大可持续发展战略，以ICT技术持续为客户创造价值，助力经济发展和社会进步。（证券时报）		公司
2020-05-17 16:21:04	  北京市政府新闻发言人：此次疫情防控，首都公共卫生应急管理体系总体上经受住了考验。（北京日报）		疫情
2020-05-17 16:19:29	  【北京：坚持更严要求加强全国两会期间疫情防控和服务保障】北京市人民政府新闻发言人徐和建介绍，当前境外疫情形势严峻复杂，国内防反弹任务艰巨繁重。北京要坚持更高标准、更严要求，落实驻地属地责任，加强全国两会期间疫情防控和服务保障工作。		疫情
2020-05-17 16:18:20	  天奥电子：高管黄浩等7人拟减持不超过总股本1.23% 。		公司
2020-05-17 16:15:44	【北京已连续31天实现“双零”增长】今天下午，在北京市新型冠状病毒肺炎疫情防控工作新闻发布会上，市委宣传部副部长、市政府新闻办主任、市政府新闻发言人徐和建说，5月16日北京无新增报告确诊病例、疑似病例和无症状感染者，北京已经连续31天实现境外输入和本地确诊病例“双零”增长，首都新冠肺炎疫情防控工作持续稳定向好态势进一步得到巩固。		疫情
2020-05-17 16:15:21	  【中信证券：A股依然处于本轮二季度慢涨通道中】中信证券秦培景团队认为，A股依然处于本轮二季度慢涨的通道中。美国对华为限制升级影响市场情绪，但实际冲击有限。国内政策力度不减，预计“两会”会明确增长目标和财政宽松力度，同时强化逆周期政策预期，并推动要素市场化改革和重点产业政策落地。金融和周期等权重股估值依然偏低，宽松的宏观流动性环境下，指数下行的风险和空间较小。A股依然处于本轮慢涨的窗口中，配置上，中信证券依然建议以新旧基建和科技龙头（5G、云计算、新能源车等）为主线，其中短期可以重点关注“两会”舆情支撑的基建板块；同时继续布局前期受疫情压制的优质滞涨品种。		观点
2020-05-17 16:12:45	  五天四板未名医药提示风险：近日在科创板上市申请获得受理的科兴生物制药股份有限公司，其控股股东为深圳科益医药控股有限公司，该公司与公司无股权关系。		公司 焦点
2020-05-17 16:12:12	  【多家以色列媒体密集报道中国大使“突然去世”，中国使馆尚未证实】以色列《耶路撒冷邮报》、《以色列时报》等多家媒体刚刚消息称，以色列外交部官员证实，中国驻以大使杜伟于当地时间17日早晨被发现死在其位于特拉维夫郊区赫兹利亚的官邸中。目前暂未看到中国驻以色列大使馆证实此事。 报道称，警察目前正在就死因进行调查。 报道还称，中国驻以色列大使馆表示目前暂无法确认相关报道。 中国驻以色列大使馆官网显示，杜伟现年57岁，自2020年2月起任中国驻以色列国特命全权大使。（环球网）		其他
2020-05-17 16:08:49	  德国累计新冠肺炎确诊病例从175233例增至175752例，死亡病例从7897例上升到7947例。		国际 疫情
2020-05-17 16:08:09	  【上海金融科技产业联盟正式成立】由上海国际集团倡议发起、接受央行上海总部等指导的上海金融科技产业联盟今日正式成立。联盟包含外汇交易中心、上交所、国泰君安、商汤等40多家成员单位。上海市委常委、副市长吴清为联盟揭牌。上海市政府副秘书长陈鸣波、人民银行上海总部、上海银保监局、上海证监局、市金融局、市国资委、市经信委、市科委和虹口区委区政府领导出席仪式。在会上，央行上海总部还正式启动上海金融科技创新监管试点工作。		其他
2020-05-17 16:06:30	运达科技：拟通过发行股份及支付现金方式购买其持有的运达电气100%的股权，其中通过发行股份支付交易对价的60%，通过现金支付交易对价的40%，股票停牌。		公司
2020-05-17 16:03:35	  印度马哈拉施特拉邦延长封锁措施至5月31日。		国际
2020-05-17 16:01:21	  【我国开通5G基站超20万个】工业和信息化部副部长陈肇雄17日在2020年世界电信和信息社会日大会上表示，我国5G商用加快推进，目前已开通5G基站超过20万个。中国电信副总经理刘桂清在会上表示，中国电信积极推动与中国联通5G共建共享，加快5G网络建设，并一直坚持SA独立组网引领，去年底已在深圳实现5G独立组网全球首发商用。（新华社）		其他
2020-05-17 15:53:29	 【海通策略：市场的核心矛盾是基本面】海通策略研报称，市场近期表现略显疲态，根本原因在于当前市场核心矛盾是基本面。市场估值处于低位，流动性环境宽松，影响行情的核心因素是盈利，3月19日以来阶段性反弹还需回撤震荡，源于目前数据偏弱。展望全年，企业盈利有望填平Q1深坑，即正增长，但仍需跟踪后续政策和疫情控制情况，6-7月是个验证期。中期坚定信心，短期保持耐心，步步为营，外需不足内需来补，先聚焦新基建和消费，中期科技和券商更优。		观点
2020-05-17 15:51:55	  埃及卫生部：埃及从世界银行获得5000万美元用于抗击新冠病毒。		国际
2020-05-17 15:48:08	  【粤港澳正商讨互认检疫措施和病毒检测】香港特区政府食物及卫生局局长陈肇始17日表示，香港、广东、澳门之间有联防联控的机制。目前，三地正在商讨现有新冠肺炎检疫措施和病毒检测怎样互认、何时做到互认、互认的方法等议题。陈肇始指出，如果商讨出具体的做法及实施时间，便会对公众发布。（新华社）		疫情
2020-05-17 15:47:53	【北京提高养老机构补贴标准，每人每月增加500元】 北京市民政局今日（5月17日）召开新闻发布会，发布《关于应对疫情影响促进养老服务机构持续健康发展通知》。通知明确，将提高养老机构运营补贴标准，2020年2月、3月和4月，在现有运营补贴标准的基础上，按照实际收住老年人的数量，每人每月增加500元补贴。		其他
2020-05-17 15:46:56	【黑龙江对普通食品冒充特医食品行为开展专项监督检查工作】 为切实保障婴幼儿身体健康和生命安全，国家市场监管总局办公厅印发了《关于开展固体饮料、压片糖果、代用茶等食品专项整治的通知》，黑龙江省市场监管局连夜进行安排部署，决定自5月15日起，在全省范围内开展固体饮料等普通食品冒充特医食品行为专项监督检查工作。（新京报）		行业
2020-05-17 15:44:27	  【国家卫健委：未发现因复工复产带来疫情反弹或扩散事件发生】国家卫健委职业健康司副司长谢杨表示，为了解企业复工复产疫情防控措施落实情况，严防复工复产导致聚集性疫情发生，近期国家卫健委组织开展了专项检查。通过检查发现，绝大多数企业防控措施落实情况较好，能够满足复工复产后疫情防控需要，没有发现企业因复工复产带来疫情反弹或者扩散事件的发生。		疫情
2020-05-17 15:39:55	  【姜超：买黄金，抗贬值】海通宏观姜超发文称，历史数据显示，纸币对黄金在持续贬值，哪怕最为坚挺的美元也不例外，尤其是在危机时期。而新冠肺炎疫情对于全球而言又是一次重大的危机，为了应对危机，全球央行开启了史无前例的放水模式，带来了大面积的货币超发与贬值。在这样的背景下，无法印刷的黄金应是资产保值的重要选择。		观点
2020-05-17 15:35:57	  俄罗斯过去24小时新增新冠肺炎确诊病例9709例，累计281752例。		国际 疫情
2020-05-17 15:31:02	  【拉美新冠疫情快速蔓延巴西病例数升至全球第四】据新华社报道，拉美和加勒比地区新冠疫情16日仍处于快速上升阶段。巴西累计病例数已超过西班牙和意大利，位列全球第四。泛美卫生组织主任卡丽萨·艾蒂安警告，目前加勒比地区国家纷纷计划开放边境迎接游客，但应做好应对疫情二次暴发的准备。		国际 疫情
2020-05-17 15:29:25	【多地出台退养野生动物补偿方案，对贫困户另有帮扶政策】 截至今天（5月17日），湖南、广东、江西等多地已出台陆生野生动物人工繁育主体退出补偿及动物处置方案，支持陆生野生动物养殖户转产，并对禁食陆生野生动物人工繁育主体中贫困户和边缘户出台了精准帮扶政策。		行业
2020-05-17 15:23:37	  【马骏：是否应该搞“财政赤字货币化”？没必要大动干戈】央行货币政策委员会委员马骏发表文章指出，对当下的中国来说，虽然疫情对经济和财政收支造成了短期的冲击，但从二季度开始，经济复苏势头已经相当明显，财政收支情况也会逐步好转。即使今年我国要比去年多发一些国债、特别国债和地方政府专项债，其规模并不会太离谱，完全可以在现有的财政与金融之协同框架下有序进行。没有必要大动干戈，以增加长期经济金融风险为代价，打破好不容易建立起来的“央行不得对政府财政透支、不得直接认购政府债券”的法律底线和对财政行为约束的最后一道防线。		观点
2020-05-17 15:19:51	  【国家卫健委回应吉林舒兰疫情：疫情防控仍存在薄弱环节】国家卫健委疾控局监察专员王斌表示，吉林舒兰疫情提示疫情防控还有薄弱环节。个别地区存在麻痹松懈思想，部分群众个人防护措施有所放松。承担入境人员转运集中隔离点的防护意识和防护能力有待提高。核酸检测范围也需要进一步扩大，尤其对重点人群要做到“应检尽检”。（新京报）		焦点 疫情
2020-05-17 15:19:19	【德邦物流新增2家对外投资 均为全资控股】 天眼查数据显示，近日，德邦物流股份有限公司新增两条对外投资，被投公司分别为宁波德楚供应链管理有限公司及宁波德汉供应链管理有限公司，认缴出资额各为5000万人民币，均为100%持股。从成立时间来看，两家公司都成立于2019年8月，经营范围均为供应链管理服务、建筑工程施工、物业服务、房屋租赁、场地租赁，两家公司的原股东均为天津德基物流管理有限公司。		公司
2020-05-17 15:12:16	  【钟南山：中国尚未建立起新冠免疫警惕第二波疫情】“中国仍然面临新冠第二波疫情的挑战。”钟南山院士日前在接受外媒视频连线采访时警告称。他还表示，所有的政府都应该真实地披露疫情数据。随着中国疫情得到大范围的控制，生活逐步回归正常，企业复工复产，学校复学，一些人放松了对疫情防控的警惕。对此，钟南山院士表示，中国不应该骄傲自满，因为第二波疫情的风险仍然很大。（一财）		焦点 疫情
2020-05-17 15:10:27	【国家卫健委：全国尚在医学观察的无症状感染者数量连续15天下降】 国务院联防联控机制今天（17日）下午继续举行新闻发布会。会上，国家卫健委新闻发言人米锋通报了我国新冠肺炎疫情防控的最新情况。米锋介绍，5月16日，全国尚在医学观察的无症状感染者数量连续15天下降，黑龙江省现有病例全部治愈出院。近3日，本土新增确诊病例9例，均来自已隔离观察的密切接触者。要实施更加精准、管用的措施，加快排查、隔离、收治工作，坚决遏制疫情反弹、扩散。		疫情
2020-05-17 14:45:32	  *ST银鸽：因涉嫌信披违规，收到中国证监会立案调查通知书。		公司
2020-05-17 14:34:12	  广汽集团董事长曾庆洪表示，他将在今年两会上主要围绕如何加快粤港澳大湾区新能源汽车产业集群建设提出建议。（一财）		行业
2020-05-17 14:33:06	【广东省官方报告详解房地产发展趋势】 广东省统计局日前发布了一份《广东房地产开发规模、结构与效益研究》报告。 报告分析，一方面，信贷资金过度集中于房地产业，一旦出现房价大幅下降的情况，将严重影响银行稳健经营，并有可能给社会稳定带来隐患；另一方面，在信贷资源有限的情况下，房地产业的 “虹吸效应”会对小微企业、先进制造业、科创企业等造成挤出效应。而且，在房价“只涨不跌”的预期下，更易滋生投机行为， 使资金继续“脱实向虚”，流向房地产市场，这无疑不利于新旧动能转换和供给侧结构性改革。		行业
2020-05-17 14:29:59	  【波多黎各340万人今年11月将公投：要不要做美国第51州】据美国广播公司（ABC）17日报道，美国海外属地波多黎各将于（今年）11月举行一次不具约束力的全民公投，以决定其是否应该成为美国一个州。这也将是波多黎各围绕与美地位关系问题举行的第六次公投。		国际
2020-05-17 14:25:58	印度财长西塔拉曼：印度将把新的破产申请程序推迟至多一年；将公布破产框架以保护小企业。在新的破产法之下，因新冠病毒疫情而产生的债务将不会被视为违约；非战略性行业的公共行业公司将被私有化。		国际
2020-05-17 14:25:06	  安图生物：新型冠状病毒（2019-nCoV）IgM 抗体检测试剂盒（磁微粒化学发光法）和新型冠状病毒（2019-nCoV）IgG 抗体检测试剂盒（磁微粒化学发光法）取得医疗器械注册证书。		公司
2020-05-17 14:12:28	  永鼎股份：拟定增募资不超过6亿元，将用于投资年产20万芯公里特种光纤项目、5G承载网光器件核心芯片研发基地建设项目和补充流动资金。		公司
2020-05-17 14:05:43	  【清华大学五道口金融学院理事长吴晓灵：央行没有必要在一级市场直接购买政府债券】清华大学五道口金融学院理事长吴晓灵17日撰文指出，近日大家对财政赤字货币化有许多的讨论，应该从理论、逻辑和实证上考虑这样两个问题：1）什么是财政赤字货币化；2）用什么方法弥补财政赤字。结论是：中国市场仍有一定的政府债券容纳能力，中国人民银行没有必要在一级市场直接购买政府债券，应该通过公开市场买卖政府债券向市场提供必要的流动性支持。		观点
2020-05-17 13:58:58	  【中国商务部原副部长：中国今年有望成全球第一大市场】中国商务部原副部长魏建国近日接受中新社记者专访时预计，今年中国消费规模有望达到45万亿元（人民币），成为全球第一大市场；吸收外资也有望超过去年。在他看来，如果中国能抓住直播带货等新业态、新模式涌现带来的机遇，不仅能够提振消费增长，对推动消费升级，实现高质量发展也有好处。他预计，2020年中国外贸走势将“前低后高”：二季度持续恢复，三季度比较高，四季度实现“翘尾”。		宏观
2020-05-17 13:57:51	  【资金聚焦半导体板块，“聪明钱”已提前布局】4月以来4只半导体类ETF涨幅均超26%，其他科技类ETF也涨势喜人。近日，美国商务部发布公告，计划限制华为使用美国技术和软件在美国境外设计和制造半导体的能力。面对“卡脖子”，半导体国产化替代的呼声再度高涨。中信证券指出，国内半导体板块核心逻辑是十年维度的自主可控，除中芯国际等芯片制造企业外，还可关注国产替代相关设备、在基金经理看来，从未来几年的维度看，科技股的行情远未结束，5G和新能源是两条重要主线。（中证网）		市场
2020-05-17 13:35:21	  【重医团队在新冠病毒T细胞免疫研究取得突破性进展】从重庆医科大学获悉，该校免疫研究中心金艾顺教授团队在该校新型冠状病毒（SARS-CoV-2）应急项目攻关中，在特异性T淋巴细胞研究方面又取得突破性进展。这一突破为后续进一步新冠肺炎疫苗研发和T细胞免疫治疗奠定了基础。（科技日报）		其他
2020-05-17 13:33:40	  【恒指拟修改编撰方法能否纳入中资科技股受瞩目】拥有50多年历史的香港恒生指数正迎来一次重要转变，可能会决定其能否摆脱全球股市估值洼地的局面。恒生指数有限公司将于明天盘后宣布有关指数编撰方法的市场咨询结果，议题包括恒指定位、是否将同股不同权及二次上市公司纳入指数选股范围、恒指中金融行业比重等。本次咨询结果关系到恒指能否为纳入阿里巴巴、美团点评等重量级中资科技股铺平道路，因而广受瞩目。		市场
2020-05-17 13:17:20	  【天翼云推出云游戏能力平台 宣布入局5G云游戏市场】中国电信在线发布“天翼云游戏能力平台”，正式宣布向游戏产业链合作伙伴提供游戏开发测试、游戏云化适配、游戏内容发行、游戏运营支撑、游戏产业资本对接等各类生态合作服务。中国电信云计算分公司总经理胡志强会上表示，天翼云将全面开放“云网一体”的差异化优势能力，并正式进军云游戏赛场。（新京报）		公司
2020-05-17 13:12:18	  【中国联通：已与中国电信在全国31省开通5G共建共享】中国联通副总经理范云军表示，根据双方签署的5G网络共建共享协议，中国联通和中国电信在站址和频谱资源上进行了共建共享，截至4月，已累计开通5G基站10万个，在全国31省开通5G共建共享，实现了50多个城市的5G正式商用。双方将力争在2020年完成全国25万个基站建设任务。		公司
2020-05-17 13:00:28	特朗普将在当地时间上午10:00（北京时间22:00）在福克斯新闻接受采访。		国际
2020-05-17 12:58:38	  【吉林市丰满区全面加强疫情防控：城乡居民原则上不能离开本市】丰满发布微信公众号5月17日消息，吉林市丰满区全面加强疫情防控实行严格管控措施的通告。经丰满区新冠肺炎疫情防控工作领导小组研究决定，自2020年5月17日起，在全区实施严格管控措施。城乡居民原则上不能离开本市，确需前往外地的，须持48小时内自费核酸检测阴性报告并严格自我隔离后，方可登记出城。强化药店、诊所管控，域内药店停止销售“一退两抗”药品（退热、抗病毒、抗生素类药品），个体诊所全部关停。		疫情
2020-05-17 12:57:57	【斯里兰卡新冠肺炎确诊病例升至960例 新增25例】据斯里兰卡卫生部门统计，截至当地时间5月17日早晨，该国新冠肺炎累计确诊病例升至960例。与前一日数据相比共新增病例25例，当地媒体报道称，其中23例为海军人员。所有病例中共有520例治愈，9例死亡。另有106人正在医院接受观察。（央视新闻）		国际 疫情
2020-05-17 12:57:20	  吉林市丰满区全面加强疫情防控：城乡居民原则上不能离开本市。（澎湃）		焦点 疫情
2020-05-17 12:56:48	  【中国疫苗行业协会：疫苗瓶可年产80亿支，生产无瓶颈】近日有媒体称，即便近期新冠疫苗真的上市了，就算产量足够，也不可能做到人手一支，因为全球储存疫苗所需的玻璃小瓶面临严重不足问题。5月17日中国疫苗行业协会给出权威回应，明确表示我国疫苗瓶年产量至少可达80亿支以上，完全能够满足新冠疫苗的生产需求。根据全球新冠疫苗研发进度，疫苗瓶生产企业目前拥有充足的准备时间和产能基础，只要新冠疫苗研发成功，确定了包装产品的形式和规格型号，疫苗瓶生产企业可以迅速释放产能，持续有序地满足市场需求。		行业
2020-05-17 12:50:25	  泰国报告新增3例新冠肺炎确诊病例，总计3028例。		国际 疫情
2020-05-17 12:47:01	  美国洛杉矶市中心爆炸初步原因查明，最初发生起火的建筑物是一家供应“丁烷蜂蜜油（大麻油）”分销商店铺。		国际
2020-05-17 12:33:59	  【香港财政司司长陈茂波：当前香港经济仍然严峻】17日，香港财政司司长陈茂波发表文章说，经历了20多天零本地确诊个案后，上星期再次出现了数宗本地确诊个案，为香港正在好转的疫情添上不确定性。当前，香港经济仍然严峻，上季GDP按年下降8.9%，是有记录以来最差的数据。另外，3月份的失业率已升至4.2%，估计4月份失业率将无可避免会更大幅度攀升。政府早前宣布推出810亿港元“保就业”计划，通过向雇主提供有限度的财政支持，协助他们保留员工。计划将于下星期接受申请，相信可一定程度缓解失业情况。（央视）		观点
2020-05-17 12:33:02	【阿富汗新增349例新冠肺炎确诊病例 累计6402例】据阿富汗公共卫生部当地时间16日发布消息，过去24小时阿富汗新增349例新冠肺炎确诊病例。截至目前，阿富汗新冠肺炎确诊病例累计达6402例，其中死亡167例，治愈778例。（央视新闻）		国际 疫情
2020-05-17 12:21:22	  【中国联通在线举行国企开放日 31个分公司直播带货】中国联通国企开放日活动在线上举行。此次活动也是国有企业第一次以全线上方式举行国企开放日，除了主题展示外，5月17日全天，31个省级分公司的团队都将走进直播间，为定点扶贫县农产品代言，助力脱贫攻坚。		公司
2020-05-17 12:20:16	  美国洛杉矶市消防部门发布消息称，因爆炸导致的该市火灾被扑灭，11名消防人员受伤。（卫星新闻）		国际
2020-05-17 12:19:28	【中国电信：5G边缘计算和切片管理系统已开展预商用部署】中国电信副总经理刘桂清在讲话中表示，在5G技术创新方面，中国电信在5G的MEC（边缘计算）和5G切片的关键技术上，已经取得了一些阶段性的成效，自研的边缘计算（MEC）系统和切片管理系统已经在现网开展了预商用。刘桂清还透露，中国电信加大了云网融合关键核心技术的科研攻关，并取得了阶段性的成效，如自主研发的SDN编排器、物联网云化赋能平台、云虚拟化基础设施管理平台、面向对象的分布式存储系统等。（新京报）		公司
2020-05-17 12:18:56	  【外媒：特斯拉弗里蒙特工厂获批重启】媒体获悉的一份邮件显示，特斯拉告知其员工，公司已经收到了重启工厂的批准。此前加利福利亚州的一个县拒绝其重启计划之后，CEO马斯克威胁称，公司将把总部和未来项目迁出加州。公司称，阿拉米达县的临时卫生官已经批准公司弗里蒙特工厂的重启计划和安全措施。目前特斯拉和阿拉米达县均未作出回应。		公司
2020-05-17 12:12:03	  哈萨克斯坦国家紧急状态保障委员会下属行动指挥部发布消息称，哈累计确诊新冠病毒感染超6000例，过去24小时新增感染307例。（卫星新闻）		国际 疫情
2020-05-17 12:10:59	【吉林近3天完成核酸检测送检超4万人份】吉林省卫建委主任刘奇志介绍目前流调和排查工作最新进展情况，“我们全力加快核酸检测样本采集速度，通过相关工作人员夜以继日的共同努力，全市核酸检测样本采集工作进展迅速，近3天完成核酸检测样本采集送检40101人份。目前，流调和排查工作仍在进行中，希望广大市民和社会各界继续支持配合我们的工作。”（新京报）		疫情
2020-05-17 12:01:58	  【贾康：财政三剑齐发剑指新基建，数字经济须做好制度安排】中国财政科学研究院研究员贾康指出，为应对疫情，中国财政三剑齐发（提高赤字率、进一步加大专项地方债规模、发行特别国债）将在本月两会上做出具体的明朗化部署，他认为，财政“三剑齐发”可用资金的重点将放在新基建上。在他看来，新基建的升级将为数字经济新一轮蓬勃发展提供基础支撑，此次疫情如果没有数字经济的支持，中国经济或遭遇难以想象的冲击。贾康强调，新一轮数字经济发展需要做好制度建设，打造高标准的法治化营商环境。（21财经）		观点
2020-05-17 11:59:02	【印度新增新冠肺炎确诊病例4987例 累计90927例】据印度卫生部17号上午发布的消息，截至当地时间上午8点(北京时间10点半），确诊病例24小时增加了4987例，累计90927例，其中死亡病例2872人，治愈出院34109人。（央视新闻）		国际 疫情
2020-05-17 11:55:09	【第6届中国-南亚博览会因疫情防控需要取消】中国-南亚博览会暨中国昆明进出口商品交易会执行委员会近日发布消息，鉴于当前全球疫情形势严峻复杂，为做好疫情防控工作，决定今年取消举办第6届中国-南亚博览会暨第26届中国昆明进出口商品交易会、第3届中国-南亚合作论坛，从明年开始视情况按原有举办周期安排。（新华社）		行业
2020-05-17 11:43:06	  特斯拉告知其员工，公司重新开放工厂的申请获得县政府批准。		公司 焦点
2020-05-17 11:39:35	  【绿地集团下属营销部负责人被实名举报 公司回应：正在调查】知名房企、世界500强的绿地集团陷入舆论漩涡，举报线索除了曝光高管与下属保持不正常关系，还涉及挪用国有公款以及洗钱等严重违纪问题。对此，绿地集团纪检监察室紧急回应，针对信件反映的相关情况，按照内部相关规定，正在由集团京津冀事业部纪检监察部门调查核实中。（证券时报）		公司
2020-05-17 11:38:21	【法国经济复苏仍需时日】从5月11日开始逐步实施“解封”计划以来，法国有40万家企业和商户率先“松绑”，成为与病毒共存的重启先锋。不过在新冠肺炎疫情持续影响社会生活的状态之下，法国经济的复苏之路仍需要时日。（央视新闻）		国际 疫情
2020-05-17 11:20:45	【德国一科研核反应堆发生轻微核泄漏】德国慕尼黑理工大学15日在官网发布消息说，其运营的一座科研核反应堆发生轻微核泄漏，但该事件不会对人类健康造成影响。这座代号为FRM II的科研核反应堆位于慕尼黑附近的小镇加尔兴。（新华社）		国际
2020-05-17 11:16:54	【疫情迫使95%定期航班停飞 加拿大航空将裁员至少2万人】加拿大航空公司在一份发给员工的电子邮件声明中说，疫情迫使其停飞95%的定期航班，预计短期内客流量难以恢复，因此决定裁员50%至60%。加拿大航空现有大约3.8万名员工，裁员决定6月7日起生效。受新冠疫情影响，今年第一季度亏损7.48亿美元2019年同期盈利3.45亿美元。（新华社）		国际
2020-05-17 11:09:01	【上海市副市长陈群：线上线下教育深度融合发展是趋势】“疫情期间采取的线上教育这一形式，让我有很多的体会，尽管这是非常时期的非常举措，无法替代线下教育，但是无形中推动了中国线上教育的发展，而且大家也看到了线上教育所具有的独特优势。”全国政协常委、民盟中央副主席、上海市副市长、民盟上海市委主委陈群认为，未来的趋势应该是线下线上教育的深度融合发展，这已经成为教育界的共识，但对于未来应该怎么做，现在还处在见仁见智的讨论阶段。（中新网）		观点
2020-05-17 11:05:39	【中国联通：已累计开通5G基站10万个】中国联通副总经理范云军5月17日表示，在5G基础设施方面，中国联通和中国电信已正式签署了5G网络共建共享协议，双方在站址和频谱资源上进行共建共享，力争2020年完成全国25万基站建设任务。截止4月，已累计开通5G基站10万个，在全国31省开通5G共建共享，实现了50多个城市的5G正式商用。		公司
2020-05-17 11:01:08	【中国广电：尝试5G技术、内容平台与商用模式的组合创新】5月17日，中国广电副总经理曾庆军在2020年世界电信和信息社会日活动上发言表示，中国广电重点围绕传播内容和传播流程方面发力，尝试5G技术、内容平台与商用模式的组合创新。将从视频内容和科创文创出发，做好大小屏融合、多屏/跨屏服务，提供超高清4K/8K、虚拟/增强现实VR/AR、物联网等新业务新业态。		行业
2020-05-17 10:59:15	  【我国3月份以来已出口509亿只口罩】海关总署17日发布数据显示，3月1日至5月16日，全国共验放出口防疫物资价值1344亿元。其中，口罩509亿只；防护服2.16亿件；护目镜8103万副；新型冠状病毒检测试剂盒1.62亿人份；呼吸机7.27万台；病员监护仪17.7万台；红外测温仪2643万件；外科手套10.4亿双。防疫物资主要出口目的地为美国、德国、日本、法国、意大利。一般贸易占94％，价值1263亿元。中国防疫物资的出口，为国际社会共同抗击疫情提供了支持和保障，体现了负责任大国担当。（新华视点）		其他
2020-05-17 10:55:05	  工业和信息化部副部长陈肇雄：持续加强5G、大数据、人工智能、工业互联网等新一代信息通信技术创新突破和辐射渗透。立足提升数字基础设施等新基建的支撑能力，促进产业数字化和数字产业化，推动5G加快发展，力争2020年底实现全国所有地级市覆盖5G网络，促进“5G+”垂直行业融合应用。		行业
2020-05-17 10:52:58	【中兴通讯：全力参与落实“新基建”战略举措】今天是世界电信日，中兴通讯总裁徐子阳发表致辞表示，作为5G龙头企业，中兴通讯将全力参与落实“新基建”这项战略举措。首先，从核心技术、芯片、算法、架构等方面加强创新，应对5G网络成本挑战，构建灵活切片、智能运营的网络能力，加快5G在移动通讯及各行业的普及应用。其次，开展构建业务使能平台、创新实践、生态建设等行动，激发5G应用创新，助力各行业数字化转型。		公司
2020-05-17 10:52:15	  据央视新闻：印度最大贫民窟新增53例新冠肺炎确诊病例，累计1198例。		国际 疫情
2020-05-17 10:50:46	  【能源市场或将见证更多负价格】美国商品期货交易委员会日前提醒市场相关各方需要为一些合约可能继续经历极端市场波动和可能的负价格做好准备，尤其要注意监控和评估风险。纽约商品交易所日前曾发布通知，18个天然气和液化天然气相关期货和期权产品以及30个成品油期货和期权产品将可以接受负价格，从5月17日开始生效。这是今年4月份芝加哥商品交易所允许51个原油和成品油期货和期权产品以负价格交易以来再一次为负价格开绿灯。美国资深市场人士安德鲁·赫克特此前表示，纽约商品交易所天然气期货的交割地位于美国路易斯安那州的伊拉斯，如果该地缺少存储空间，天然气价格也可能会降至零以下。（新华社）		市场 观点
2020-05-17 10:46:47	【洛杉矶多栋建筑物起火 现场爆炸声不断】据NBC刚刚报道，美国加州洛杉矶市中心16日下午多栋建筑物起火，现场爆炸声不断。洛杉矶消防局指出，至少有10名消防员受伤，当局已于16日傍晚6时36分把此事件升级为“重大紧急事件”。（中国日报）		国际
2020-05-17 10:43:57	【钟南山否认为连花清瘟代言：我怎么会做那些东西】近日，网传知名人士反映中国工程院院士钟南山为安慕希、连花清瘟等企业产品打商业广告等行为。钟南山院士回应称，“类似传闻太多了，所以我不会去管它，也根本不在乎。”记者提及网传的安慕希等产品时，钟南山院士明确告诉记者：“我从来没有给任何企业和产品代言，我怎么会做那些东西？搞那个和我的业务有什么关系呢？谢谢你告诉我这些消息。”（红星新闻）		观点
2020-05-17 10:35:13	  中国移动市场部副总经理首建国：中国移动今年将投入150亿元用于终端，尤其是5G“信用购”的销售。（新京报）		公司
2020-05-17 10:30:30	  美国洛杉矶消防部门发言人：洛杉矶市中心发生火灾和爆炸，10名消防员受伤。		国际
2020-05-17 10:27:58	【布局“新基建” 河南年底前将实现县城以上城区5G网络全覆盖】记者从河南省人民政府新闻办公室召开的新闻发布会上了解到，目前，河南已实现各省辖市城区5G网络全覆盖和正式商用，今年底前，河南省将实现县城以上城区5G网络全覆盖。（新华社）		行业
2020-05-17 10:27:05	【新疆4.3亿元稳岗补贴惠及逾146万企业职工】为稳定就业岗位，新疆加大对困难企业的政策扶持力度，截至目前，已为7.2万户企业发放稳岗补贴，逾146万企业职工因此受惠。（新华社）		其他
2020-05-17 10:26:23	【中国移动：下半年将进行WiFi 6相关设备集中采购】5月17日“世界电信日”，在中国移动5G生态合作伙伴大会上，中国移动市场部副总经理首建国表示，预计今年将有5000万用户实现千兆宽带覆盖，中国移动将推进WiFi 5向WiFi 6的迁移，今年下半年将进行WiFi 6相关设备的集中采购。（新京报）		公司
2020-05-17 10:15:24	  【诺奖得主：加密货币或会干扰货币政策，不会带来补偿优势】5月16日，在2020清华五道口全球金融论坛上，2007年诺贝尔经济学奖得主Eric Maskin回应新京报记者关于Libra加密货币项目的提问时表示：“我不喜欢Libra币，我通常不喜欢加密货币，坦率地说，它似乎毫无意义。公共货币对我们来说已经足够好了，它们保持了央行执行货币政策的权力。加密货币可能会干扰货币政策，而且它们不会带来任何补偿性优势。”		观点
2020-05-17 10:12:53	【肯尼亚宣布关闭与两邻国陆路边境口岸】肯尼亚总统肯雅塔16日发表电视讲话，宣布关闭与邻国索马里和坦桑尼亚的陆路边境口岸，禁止除进行货物运输外的人员出入，以遏制新冠疫情。货车司机入境前将接受新冠病毒检测，结果为阴性才可入境。为加强疫情防控，肯尼亚从3月25日开始暂停所有国际客运航班，并从当月27日起每日19时至次日5时实施全国宵禁。（新华国际）		国际 疫情
2020-05-17 10:11:20	【南京全市幼儿园5月25日复学 实行自愿弹性入园】据南京市教育局发布消息：经市委市政府同意，全市技工院校毕业年级于5月20日起返校复学，其他学段年级后续返校复学，由市人社部门按照“错时错峰”原则有序安排。全市幼儿园大班于5月25日返园复学，中班、小班（托班）幼儿在一周内有序返园复学。全市幼儿园实行自愿弹性入园。（央视新闻）		其他
2020-05-17 10:06:15	【马骏：是否应该搞“财政赤字货币化”？没必要大动干戈】央行货币政策委员会委员马骏发表文章指出，对当下的中国来说，虽然疫情对经济和财政收支造成了短期的冲击，但从二季度开始，经济复苏势头已经相当明显，财政收支情况也会逐步好转。即使今年我国要比去年多发一些国债、特别国债和地方政府专项债，其规模并不会太离谱，完全可以在现有的财政与金融之协同框架下有序进行。没有必要大动干戈，以增加长期经济金融风险为代价，打破好不容易建立起来的“央行不得对政府财政透支、不得直接认购政府债券”的法律底线和对财政行为约束的最后一道防线。（金融时报）		观点
2020-05-17 09:54:12	【墨西哥新冠肺炎确诊病例达47144例 新增2082例】当地时间5月16日，墨西哥卫生部宣布，截止到16日晚上7点，墨西哥全国确诊47144例新冠肺炎病例，较前一天新增了2082例。同时，墨西哥全国确诊死亡病例较前一天新增278例，总数已经上升到5045例。（央视新闻）		国际 疫情
2020-05-17 09:47:40	  【央行货币政策委员会委员马骏：经济复苏势头已经相当明显，财政收支情况也会逐步好转】最近几周，关于是否应该搞“财政赤字货币化”，成为国内外都特别关心的一个热门话题。“对当下的中国来说，虽然疫情对经济和财政收支造成了短期的冲击，但从二季度开始，经济复苏势头已经相当明显，财政收支情况也会逐步好转。即使今年我国要比去年多发一些国债、特别国债和地方政府专项债，其规模并不会太离谱，完全可以在现有的财政与金融之协同框架下有序进行，比如通过适度降低存款准备金率、设计某些向银行定向提供流动性以支持其购买新发国债的机制等。没有必要大动干戈，以增加长期经济金融风险为代价，打破好不容易建立起来的“央行不得对政府财政透支、不得直接认购政府债券”的法律底线和对财政行为约束的最后一道防线。（中国金融新闻网）		观点
2020-05-17 09:43:30	  吉林卫健委：吉林市丰满区新增3例本地病例，按照标准，将吉林市丰满区风险等级由中风险调整为高风险。		焦点 疫情
2020-05-17 09:39:57	【北京疾控中心：市民户外活动原则上不用佩戴口罩】北京市疾病预防控制中心17日发布新冠肺炎疫情II级响应防护指引(市民户外活动篇)，指引指出，广大市民可以根据气候条件，适当地参加一些户外体育锻炼。市民在户外活动过程中，原则上不用佩戴口罩，但应避免与同伴以外的人近距离接触。		其他
2020-05-17 09:33:59	【中国长城（新疆）“天山系列”计算机整机下线】5月15日，中国长城科技集团股份有限公司新疆“天山系列”计算机整机下线仪式，在新疆维吾尔自治区乌鲁木齐市经济技术开发区举行。依托智能制造生产线，中国长城（新疆）自主创新基地将实现一期年产15-30万台长城牌电脑目标，未来5年达到年产50-100万台整机制造能力，为新疆网络安全产业高地建设提供丰富、安全的生态支撑。		公司
2020-05-17 09:31:18	【北京市全面推进净菜上市工作】北京市商务局、市农业农村局日前联合宣布，在北京市全面推进净菜上市工作。在包装环节，本市将推进农产品包装标准化，进一步规范农产品包装行为；通过采用简约包装、绿色环保包装、可重复使用包装等方式，不断推进包装垃圾源头减量。通过大力推进净菜进京，京城最大“菜篮子”新发地市场目前每天实现垃圾减量20%，预计全年可减少7000吨果蔬垃圾。（北京日报）		其他
2020-05-17 09:29:02	  迪士尼宣布美国部分旗下机构将于当地时间5月27日重新开业，目前相关场所关停已数周。最新政策要求游客必须佩戴口罩或遮掩口鼻。迪士尼宣布，还将对游客进行入园前的体温进行检测，并采取限流、社交隔离等政策。（央视）		公司
2020-05-17 09:27:37	【韩国新增新冠肺炎确诊病例13例 累计11050例】韩国中央防疫对策本部17日通报，截至当天0时（5月16日0时至5月17日0时），韩国新增新冠肺炎确诊病例13例，其中6例为本土病例，7例为境外流入，累计确诊病例升至11050例。此外，无新增死亡病例，累计死亡病例维持在262例；累计治愈并解除隔离9888例，较前一日增加37例。（央视新闻）		国际 疫情
2020-05-17 09:17:19	  【欧洲车市一季度销量遭腰斩，电动汽车销量增57%】据外媒，今年第一季度，尽管欧洲乘用车整体销量下降了52.9%，但电动汽车注册量增长了57.4%，占该地区汽车注册总量的4.3%。 零排放汽车需求激增的原因是欧洲正在施行更严格排放法规。欧洲汽车工业协会表示，整体需求下降的原因是受新冠疫情影响，许多展厅被关闭，汽车销量也因此大幅下降。 分析人士表示，在车辆选择方面，经济衰退和消费者信心骤降可能使车主更难接受从传统燃油车到电动车的改变。（界面）		行业
2020-05-17 09:14:34	【吉林省昨日新增本地确诊病例3例（吉林市）】5月16日0-24时，全省无新增境外输入确诊病例。新增治愈出院2例（吉林市）。5月16日0-24时，全省新增本地确诊病例3例（吉林市）。		疫情
2020-05-17 09:12:52	  韩国在24小时内新增13例新冠肺炎确诊病例，累计11050例。		国际 疫情
2020-05-17 09:05:21	  湖北卫健委：2020年5月16日0—24时，全省新增新冠肺炎确诊病例0例，无境外输入病例。5月16日，全省新增无症状感染者10例，转确诊0例，解除隔离49例，尚在医学观察的无症状感染者400例。		疫情
2020-05-17 09:04:22	【中泰宏观梁中华：纸币超发下背景下 买茅台等于买黄金】中泰证券宏观首席梁中华发布最新报告提供一种在纸币滥发情况下的大类资产配置的思路。他认为，长期来看，如果纸币不断超发，只要供给速度较慢、能够长期存活下来的资产，其以纸币标价的名义价格都是受益的。不仅仅是黄金，茅台酒某种程度上也是一种“货币”，茅台公司的股价和黄金价格的走势有很大相关性。他表示，并非在当前时点去推荐茅台个股，而是强调货币超背景下，优质资产长期更加受益于货币超发。		观点
2020-05-17 09:02:47	【中兴通讯发布《MEC+全场景部署白皮书》】中兴通讯发布《MEC+全场景部署白皮书》，全面阐述中兴通讯MEC全场景部署方案。为满足MEC业务对不同场景部署需求，中兴通讯提出MEC全场景部署方案，主要涵盖：基于无线基站融合的MEC场景、基于FTTx接入的MEC场景、园区一站式交付场景、城市核心机房场景。		公司
2020-05-17 09:01:53	  【全国政协委员黄利鸣：将建议建立我国首个生态特区】“我将在今年全国两会上呼吁在神农架林区建立第一个国家生态特区。”全国政协委员、湖北省社会主义学院原院长黄利鸣说，我国有经济特区、自由贸易区、高新区等等，但还没有生态特区，建立“神农架生态特区”有助于先行先试，为全国探索出可复制的绿色发展新模式。（长江日报）		观点
2020-05-17 08:55:16	  国家卫健委：31个省（自治区、直辖市）和新疆生产建设兵团报告新增无症状感染者12例（境外输入1例）；当日无转为确诊病例；当日解除医学观察58例（境外输入1例）；尚在医学观察无症状感染者515例（境外输入30例）。		疫情
2020-05-17 08:54:06	  国家卫健委：5月16日0—24时，31个省（自治区、直辖市）和新疆生产建设兵团报告新增确诊病例5例，其中境外输入病例2例（天津1例，广东1例），本土病例3例（均在吉林）；无新增死亡病例；新增疑似病例2例，均为境外输入病例（内蒙古1例，上海1例）。		焦点 疫情
2020-05-17 08:52:55	  智利新增新冠肺炎确诊病例1886例，累计41428例。（央视新闻）		国际 疫情
2020-05-17 08:48:53	  【国家电影专资办：对3000个困难中小影院贷款贴息】国家电影专项资金管委会办公室日前发布通知，将利用中央及地方电影专资，针对受疫情影响严重、资金保障能力较弱的中小影院申请贷款进行贴息，帮助影院缓解资金困难。通知表示，国家电影专资办将对3000个左右困难中小影院贷款进行贴息，其中贴息支持的贷款额度上限100万的1000个左右，50万的2000个左右。主要根据各省区市影院数安排名额，可结合实际需要适当调剂。贷款利率要充分利用国家和地方优惠政策，贴息期限最多不超12个月。（央视新闻）		行业
2020-05-17 08:42:16	  【美国拟恢复对世卫组织资助？特朗普：可能恢复10%，尚未做最终决定】就世界卫生组织（WHO）经费事宜，美国总统特朗普16日转发福克斯电视台主持人有关美国政府计划恢复对世卫部分资助的推文称，政府正考虑诸多选项，其中包括恢复对该组织10%的资助。特朗普还写道：“尚未做最终决定。所有的资助仍被冻结。”（环球网）		国际
2020-05-17 08:40:44	【全国春播粮食近八成 进度快于去年】农业农村部最新农情调度显示，目前，全国春播粮食进度较好，完成意向面积近八成，同比快4.1个百分点。农业农村部提醒，重点区域要分类推进粮食播种及后期管理。（央视新闻）		行业
2020-05-17 08:39:27	  【券商重磅业务裂变，事关基金业绩大事】券商投研江湖正在迎来剧变。近期，不少券商研究所所长、首席经济学家等核心人物频繁变动，而券商佣金分仓排名也出现巨震，除了头部研究所优势集中外，也有机构因积极发力卖方研究业务，而成为跑赢同行的“黑马”。在这些变化背后，正是近年来券商研究所转型、发力卖方研究后的结果，投研商业模式也正在从传统的佣金模式变得更加多元化。同时，投研人才竞争依旧激烈，券商研究所则凭借各自优势和机制建设，搭建特色化的投研平台，提升研究所的核心竞争力。（中国基金报）		行业
2020-05-17 08:36:50	【北京昨日无新增报告新冠肺炎确诊病例，出院1例】据首都健康消息，5月16日0时至24时，北京无新增报告境外输入新冠肺炎确诊病例、疑似病例和无症状感染者，出院1例。5月16日0时至24时，无新增报告本地确诊病例、疑似病例和无症状感染者。		疫情
2020-05-17 08:26:27	【天津新增境外输入新冠肺炎确诊病例1例】据健康天津消息，5月16日6时至18时，天津市新增报告境外输入新冠肺炎确诊病例1例（中国籍）。5月16日6时至18时，天津市无新增报告本地新冠肺炎确诊病例。		疫情
2020-05-17 08:21:40	【奥巴马：很多在位的人不知道自己在干吗】综合美联社和CNN等媒体报道，当地时间16日，美国前总统奥巴马在一次在线演讲中，再次对当前美国政府对疫情的应对提出批评。奥巴马没有具体指名道姓，而是说：“这次疫情揭示了一点，就是很多在位的人并不知道自己在做什么，他们甚至不会去假装自己在负责。”此前奥巴马曾批评特朗普政府的疫情应对工作是场“绝对的灾难”。（央视新闻）		观点
2020-05-17 08:20:51	【中芯国际上海晶圆厂获22.5亿美元增资 拟将月产能增加5倍】中芯国际从大基金二期和上海集成电路基金二期获得的增资，以及计划在科创板募集的部分资金，都将投向位于上海的晶圆厂，以扩充产能，加快引进更先进的制造工艺。（财新网）		公司
2020-05-17 08:16:24	【巴西新冠肺炎累计确诊病例破23万 确诊病例数超意大利跃升全球第5位】当地时间5月16日，巴西单日新增新冠肺炎确诊病例14919例，累计确诊233142例，新增死亡病例816例，累计死亡15633人。约翰斯·霍普金斯大学数据显示，巴西确诊人数已超越意大利，排在全球第5位，仅次于美国、俄罗斯、英国和西班牙。（央视新闻）		国际 疫情
2020-05-17 08:15:03	  墨西哥新冠肺炎确诊病例升至47144例，死亡病例升至5045例。		国际 疫情
2020-05-17 08:12:34	  广东卫健委：5月16日0-24时，全省新增境外输入确诊病例1例，广州报告，来自加拿大，通过入境口岸发现，入境后即被隔离观察。无新增无症状感染者。截至5月16日24时，全省累计报告新冠肺炎确诊病例1590例（境外输入195例）。		疫情
2020-05-17 08:12:01	【券商撤销分支机构剧增 中小券商“战线”明显收缩】截至目前，今年已有65个券商分支机构宣布撤销，数量超过去年同期的4倍。具体来看，共有18家券商撤销65个分支机构。其中，中信证券华南股份有限公司(原广州证券)撤销了15个分支机构，成为年内撤销分支机构最多的券商；国海证券撤销9个分支机构，数量其次；光大证券裁撤了8个分支机构，紧随其后。（券商中国）		行业
2020-05-17 08:08:25	  拉丁美洲疫情重灾区巴西，星期六（5月16日）新增14919起新冠病毒确诊病例，另有多816人死于新冠病毒。根据巴西卫生部的数据，当地至今已有233142人确诊感染冠病，人数位居全球第四，死亡人数达15633人。		国际 疫情
2020-05-17 08:06:44	【黑龙江省无新增确诊病例 全省本土确诊病例和境外输入确诊病例全部“清零”】2020年5月16日0-24时，黑龙江省省内无新增确诊病例，无新增无症状感染者，现有最后1例确诊病例治愈出院。当日全省无新增境外输入确诊病例，无新增境外输入无症状感染者，累计报告境外输入确诊病例386例已全部治愈出院。截至5月16日24时，全省本土确诊病例和境外输入确诊病例全部“清零”。（环球网）		疫情
2020-05-17 08:06:00	  【科威特与沙特同意暂停两国联合经营的Al-Khafji油田的原油生产】据科威特当地媒体报道，科威特与沙特同意暂停两国联合经营的Al-Khafji油田的原油生产。		国际
2020-05-17 08:03:58	【英政府：计划部分年级6月1日起返校】在16日的英国政府疫情发布会上，学校究竟何时重新开学成为关注焦点。在发布会上，英国教育大臣加文·威廉姆森表示，他知道一些父母非常着急想让孩子早点返校，但开学应该是非常谨慎且分阶段进行的。政府目前的计划是6月1日起，小学一年级和六年级的学生以及中学十年级和十二年级的学生将首先返回学校。（央视新闻）		国际
2020-05-17 07:59:39	  美国洛杉矶县报告新增40例新冠肺炎死亡病例和1073例确诊病例。		国际 疫情
2020-05-17 07:59:04	【加拿大批准首个新冠疫苗用于临床试验】加拿大总理特鲁多当地时间16日在例行讲话中宣布，加拿大卫生部已批准位于达尔豪西大学的加拿大疫苗学中心进行该国第一种新冠疫苗的临床试验，该疫苗的生产厂家将与加拿大国家研究委员会合作进行这一临床试验。如果疫苗的临床试验成功，加拿大将在本国国内生产和分发这种疫苗。特鲁多称，这是一个令人鼓舞的好消息，但他并没有提及这种疫苗的名称。（央视新闻）		国际
2020-05-17 07:58:10	【深圳再发119亿地方政府专项债】据深圳商报报道，深圳将在5月中旬发行2020年深圳市政府专项债券(二十七至五十六期)，本批债券共30期，计划发行面值总额为119亿元。据悉，此前深圳已发行184亿元地方政府债券，加上此次计划发行的119亿元专项债券，今年深圳发行的地方政府债券将达到303亿元，其中专项债券295亿元。		其他
2020-05-17 07:49:01	【昨天上海无新增本地新冠肺炎确诊病例，无新增境外输入病例】市卫健委今早（5月17日）通报：5月16日0—24时，无新增境外输入性新冠肺炎确诊病例。新增治愈出院1例，来自美国。5月16日0—24时，无新增本地新冠肺炎确诊病例。（上海发布）		疫情
2020-05-17 07:48:08	【意大利将于6月初开放与申根区国家间人员流动】意大利总理孔特16日晚宣布，从6月3日起民众将可以跨地区自由出行，同时意大利将开放与申根区国家间的人员流动，“这将为旅游业的复苏奠定基础”。（新华社）		国际 疫情
2020-05-17 07:44:31	【北京将建短缺药品保供稳价会商联动机制】本周，北京卫健委、市发改委等八部门联合印发《北京市进一步做好短缺药品保供稳价工作实施方案》。今后，北京将建立短缺药品保供稳价工作会商联动机制，开展监测预警，缓解药品短缺及人为造成的市场价格剧烈波动。（北京日报）		行业
2020-05-17 07:37:43	【4月末普惠小微贷款余额增25.1% 支持2815万户经营主体】数据显示，4月末，金融机构人民币贷款余额161.91万亿元，同比增长13.1%，比上月末高0.4个百分点，是2019年6月以来的最高水平；4月份新增1.70万亿元，同比多增6818亿元。4月，在各项政策引导下，金融机构继续加大对实体经济，特别是普惠领域的信贷支持，取得了较好的效果。从小微企业贷款情况看，“量增、面扩、价降、结构优化”的特点更为突出。（人民日报）		行业
2020-05-17 07:33:46	【深圳累计发放消费券逾4.8亿元】4月份以来，深圳消费券火了。为应对疫情对消费的巨大冲击，包括罗湖、福田、龙华、宝安、坪山、龙岗等在内的深圳多个区先后加入消费券“群聊”，拿出超4.8亿元的真金白银刺激消费复苏，提振消费信心。（深圳特区报）		其他
2020-05-17 07:32:08	【美国新增病例总体呈下降趋势 仍有5州持续新增】据约翰斯·霍普金斯大学数据，截至美东时间16日17:32，美国新冠肺炎确诊病例为1464057例，死亡88473例。据纽约时报统计，有17个州的新增病例呈下降趋势，其中包括重灾区纽约州。四月底以来，美国有超过三分之二的州已陆续放松限制，引起舆论担忧，可能导致疫情反弹。数据显示，得克萨斯州、路易斯安那州、弗吉尼亚州、阿肯色州、南达科他州5个州的新增病例近期呈现上升趋势。（央视新闻）		国际 疫情
2020-05-17 07:29:57	【美媒：罗斯福号航母13名士兵新冠病毒检测“复阳”】美国政治新闻网站Politico16日报道，美国罗斯福号航母有13名士兵在返回舰上后，新冠病毒检测再次呈阳性。罗斯福号从3月下旬以来一直停靠在关岛。从四月下旬开始，舰上人员在关岛经过近一个月的隔离后陆续返舰，但是从5月初开始，有士兵出现咳嗽、发烧等新冠肺炎症状，尽管他们两次病毒检测都呈阴性。一些士兵还出现身体疼痛和头疼等情况。报道称，目前尚不清楚有多少人被感染。海军4月底停止发布更新数据时，罗斯福号上的新冠肺炎确诊病例数字是1102例。（央视新闻）		国际 疫情
2020-05-17 07:27:49	【黑龙江生猪产能稳步恢复 全力保障猪肉供应】据相关部门统计，2020年1至4月，黑龙江省生猪存栏达到1275万头，生猪出栏650万头。在猪肉产量上，截至4月末，黑龙江省猪肉产量合计65万吨，其中省内供应49万吨，省外销售16万吨，同时黑龙江省还“点对点”调往其他省份活猪41万头，为全国生猪的稳产保供提供了重要支撑。（央视新闻）		其他
2020-05-17 07:20:06	【世卫组织：全球新冠肺炎确诊病例超过443万例】根据世卫组织最新实时统计数据，截至欧洲中部夏令时间5月16日18时45分(北京时间5月17日0时45分)，全球确诊新冠肺炎4434653例，死亡302169例。（央视新闻）		国际 疫情
2020-05-17 07:11:27	除了头版内容，今天《人民日报》涉及财经的主要内容还包括：1、孙春兰在吉林调研时强调 再排查再加固再落实 坚决防止疫情新燃点；2、加强院感防控 让群众放心就医（国务院联防联控机制发布会）；3、各地各部门加强联动协调 全力支持外资企业复工达产（政策解读·有序恢复生产生活秩序）；4、4月末普惠小微贷款余额增25.1% 支持2815万户经营主体；5、经营困难企业以工代训可领补贴 易地扶贫搬迁就业帮扶专项行动开展；6、一季度末 保险公司平均综合偿付能力充足率244.6%；7、十九届中央第五轮巡视全部进驻 将在被巡视单位工作2个月左右；8、中国用艰苦卓绝的努力书写“抗疫答卷”；9、“中国高效治理能力的体现”（患难见真情 共同抗疫情）——访塞内加尔驻华大使恩迪亚耶；10、“为全球抗疫作出重要贡献”（患难见真情 共同抗疫情）——访马来西亚战略与国际问题研究所主席伊萨；11、阿中合作民意基础更加坚实（患难见真情 共同抗疫情）；12、“钻石公主”号邮轮驶离日本横滨港；13、全国人大财经委经济室：全国两会推迟召开但年度计划、预算编制和审查工作有序推进。		宏观
2020-05-17 07:10:48	今天《人民日报》头版的主要内容有：1、十九届中央第五轮巡视全部进驻 将在被巡视单位工作2个月左右；2、三百万贫困人口靠生态脱贫致富 绿水青山变成金山银山；3、万寿岩“新生”；4、一季度实到外资逆势增长4.5% 外企扎根上海有信心；5、民航单日飞行班次超万 恢复至疫情前约六成；6、37个央企项目在武汉签约 总额超1800亿元；7、洋山特殊综合保税区揭牌 规划面积25.31平方公里。		宏观 焦点
2020-05-17 07:02:36	  根据加拿大各省当地时间16日陆续发布的新冠疫情统计数据显示，截至当地时间16日18时，加拿大新增1250例新冠肺炎确诊病例，累计确诊75864例；新增死亡117例，累计5679例。（央视新闻）		国际 疫情
2020-05-17 07:00:37	当地时间16日，哥伦比亚卫生部宣布新增723例新冠肺炎确诊病例，累计14939例，死亡病例562例。（央视新闻）		国际 疫情
2020-05-17 06:30:50	【加拿大新增1250例新冠肺炎确诊病例 累计75864例】根据加拿大各省当地时间16日陆续发布的新冠疫情统计数据显示，截至当地时间16日18时，加拿大新增1250例新冠肺炎确诊病例，累计确诊75864例；新增死亡117例，累计5679例。（央视新闻）		国际 疫情
2020-05-17 06:18:40	【美国三州重启后新冠病例大幅反弹】据雅虎新闻报道，美国国土安全部最近一份跨部门应对新冠疫情文件显示，美国三个州自5月11日重启当地部分行业之后引发新冠感染病例大幅反弹，其中佛罗里达州南部棕榈滩、南加州圣伯纳迪诺、阿拉巴马马歇尔等三个地方新增新冠病例突出，已变成疫情新热点。文件称，自5月11日佛罗里达州重启理发店、美甲沙龙、饭店等行业后，棕榈滩地区新冠病例周增幅达71%；南加州圣伯纳迪诺最近一周报782起新增病例，比前一周增加一倍；阿拉巴马的马歇尔地区有多家肉食加工企业，重启之后本周报217例新冠确诊，较上一周增加5倍。（中国日报）		国际 疫情
2020-05-17 05:52:56	【匈牙利宣布自5月18日起取消首都布达佩斯的出行限令】当地时间5月16日，匈牙利总理欧尔班在社交媒体发布视频，宣布将于5月18日起取消首都布达佩斯的出行限令。欧尔班表示，在进入国家紧急状态的第66天，匈牙利赢得了抗击新冠肺炎疫情的第一阶段胜利，即遏制了疫情的传播，因此将取消首都布达佩斯的出行限令，进入第二阶段的疫情防控。（央视新闻）		国际 疫情
2020-05-17 05:35:34	【埃及新增491例新冠肺炎确诊病例 累计11719例】当地时间16日晚，埃及卫生与人口部发布声明称，埃及境内新增新冠肺炎确诊病例491例，死亡20例。累计确诊病例达到11719例，累计死亡病例升至612例。此外，埃及当天又有151名病人在接受治疗后痊愈，结束隔离观察出院。埃及目前的累计治愈病例为2950例。（央视新闻）		国际 疫情
2020-05-17 04:59:31	据央视新闻：据约翰斯·霍普金斯大学数据，截至美东时间16日16时32分，美国新冠肺炎确诊病例为1463350例，死亡88447例。		国际 疫情
2020-05-17 04:52:40	【南非将遵循世界卫生组织关于缓解封锁的指导进行防疫降级】当地时间5月16日，南非卫生部部长穆凯兹表示众多南非民众渴望回到正常生活，南非政府将认真评估现实情况决定是否降低目前防疫级别。南非新冠肺炎患者的死亡率1.8％，远低于目前的平均水平（6.6％），新冠肺炎患者康复率是42.4％，高于全球平均水平38％。（央视新闻）		国际 疫情
2020-05-17 04:43:28	英国央行首席经济学家霍尔丹：并非想要暗示英国央行已经对上述所有选项中的任何一个做好了准备。		央行 国际
2020-05-17 04:39:52	英国央行首席经济学家霍尔丹：正如我们从其他国家央行所发现的那样，可以选择购买风险更低的资产。		国际
2020-05-17 04:39:04	英国央行首席经济学家霍尔丹：通过量化宽松，原则上我们可以在英国国债和企业债券方面做得更多。		央行 国际
2020-05-17 04:37:58	英国央行首席经济学家霍尔丹：对于负利率问题，存在着其他负利率以外的或与负利率同时进行的选项，我们也会考虑。		国际
2020-05-17 04:17:10	希腊卫生部5月16日下午发布的疫情通报称，在过去24小时内，希腊新增9例新冠状病毒确诊病例，累计达2819例。目前死亡病例为162例。（央视新闻）		国际 疫情
2020-05-17 04:01:29	美联储在一份报告中披露了银行的薪酬保障计划（PPP）工具利用情况，其中社区银行对该项贷款的依赖度最高。截至5月6日，共发放约600笔贷款，总价值约为308亿美元。		央行 国际
2020-05-17 03:56:28	【英国政府称儿童不会有很严重的新冠病状】英格兰副首席医疗官哈里斯在周六的发布会上表示，儿童的新冠病状不会很严重，并且有部分数据显示，儿童不太可能传染病毒。英国计划在6月份分阶段重新开放小学，但很多家长依然认为复课过早。官方数据显示，英国在过去二十四小时内确诊新增3451人，死亡新增468人。（中国日报）		国际 疫情
2020-05-17 03:50:55	美国国会监督参众两院外交关系的民主党高层决定对特朗普解除美国国务院监察长利尼克一事展开调查。特朗普曾在周五晚间通知国会准备解除利尼克的监察长职务，此举引起民主党人的谴责，认为特朗普此举是为了试图阻止利尼克对美国国务卿蓬佩奥展开调查。		国际
2020-05-17 03:46:49	【霍普金斯大学：全球新冠肺炎累计确诊达460万例】美国约翰·霍普金斯大学发布的实时统计数据显示，截至北京时间2020年05月17日03:43，全球累计确诊4605673例，累计死亡310180例，累计确诊国家和地区数188个。		国际 疫情
2020-05-17 03:35:53	【荷兰合作银行：预计布伦特原油价格将维持在30美元/桶附近】预计在大量原油浮仓库存开始减少之前，布伦特原油现货价格都将维持在30美元/桶附近。随着越来越多的原油运往港口，相信本周所出现的原油库存减少情况将在未来数周内出现扭转。从当前水平来看，在石油曲线后部的高风险高回报指标仍相当具有吸引力，若全球原油需求出现恢复迹象，对石油曲线继续走高并不会感到意外。		国际
2020-05-17 03:26:45	据科威特当地媒体：科威特与沙特同意暂停两国联合经营的Al-Khafji油田的原油生产。		国际
2020-05-17 03:05:37	意大利总理孔特：了解到政府通过的550亿欧元的刺激计划并不能解决当前面临的所有问题。		国际 疫情
2020-05-17 02:41:21	意大利总理孔特：自5月25日起，允许健身房、游泳馆与体育中心在遵守安全协议下重新开放，自6月15日起将重新开放剧院与电影院。		国际 疫情
2020-05-17 02:38:47	意大利总理孔特：自6月3日起允许欧盟国家公民入境意大利，不需要经过隔离期。		国际 疫情
2020-05-17 02:31:42	当地时间5月16日，世卫组织发布最新一期新冠肺炎每日疫情报告。截至欧洲中部夏令时间5月16日10时（北京时间5月16日16时），全球新冠肺炎病例新增86827例，死亡新增4940例。美洲区域确诊病例最多，达到1909483例（新增45015例），死亡115057例（新增3123例）。（央视新闻）		国际 疫情
2020-05-17 02:18:54	【德国海因斯贝格包裹快递员出现集体感染】德国北威州海因斯贝格包裹快递员出现集体感染，约400多名包裹投递员被隔离。作为德国本土疫情最早暴发（2月下旬）的海因斯贝格，近日再次出现多起感染。海因斯贝格的DPD包裹物流公司在本周接连出现几起感染后，卫生当局建立了一个移动站，以检测这里的所有员工。据公司发言人称，目前已经有42人检测为阳性，还没有评估完所有检测样本。（央视新闻）		国际 疫情
2020-05-17 01:49:54	加拿大政府发言人：自加拿大首轮新冠肺炎疫苗临床试验中，将会测试来自中国企业康希诺生物研发的疫苗。		国际 疫情
2020-05-17 01:20:32	沈阳发布通告：4月22日以来吉林市来沈返沈人员，一律实行指定宾馆集中隔离观察21天，其间进行3次核酸检测；正在居家隔离的人员，须即刻转入集中隔离。（央视新闻）		疫情
2020-05-17 01:01:42	法国新冠肺炎死亡病例新增96例至27625例。		国际 疫情
2020-05-17 00:52:57	意大利新增新冠肺炎死亡病例153例，累计死亡病例31763例，单日增幅为3月9日新低。		国际 疫情
2020-05-17 00:19:29	美国纽约新增新冠肺炎确诊病例2419例，累计确诊病例348232例。		国际 疫情
2020-05-17 00:04:08	意大利新增新冠肺炎确诊病例875例。		国际 疫情
