title	content	pub_time
在线教育用户暴增“忙坏”服务器 头部企业趁机跑马圈地	"本报记者张敏李春莲
面临新型冠状病毒感染的肺炎疫情，多所学校延期开学，正常的教学计划受到不同程度的影响。在此背景下，在线教育模式受到了包括大学在内的教育机构推崇。
“这段时间约课数量确实有增加，为了保障服务，公司也在做大量工作，增加人员配备。”在线教育平台哒哒英语公司人士向《证券日报》记者介绍。而松鼠AI公司人士则向《证券日报》记者介绍，“目前，我们线上学员的注册量猛增，昨天我们的日活跃量已经超出了疫情之前最高日活跃量的峰值”。而线上教育的“火爆”，加之线下教育也开始转战线上，以至于“忙坏”了服务器。
企业加速抢占市场
为配合疫情防控，企业远程办公，学生们纷纷开始线上学习。截至2月2日，教育部组织22个在线课程平台免费开放在线课程2.4万余门。
“学校已经下发了通知，学生通过在线平台学习相关课程。”一位大学老师向《证券日报》记者介绍。
光大证券研报称，疫情或将进一步培育和提升学生在线教育学习的使用习惯。在此背景下，在线教育企业也推出多种措施“跑马圈地”。
网易有道方面提供给《证券日报》记者的最新数据显示，2月1日，网易有道精品课将免费线上直播课程扩展至全国，免费向全国小学至高中学生赠送开学名师直播课。截止到2月1日，全国共有47万用户报名课程。1月26日，网易有道旗下AI开放平台——有道智云向全国中小学及培训机构提供免费的远程教学系统。
“但据反馈，目前老师直播硬件设施不够完善，缺电脑，麦克风、摄像头等一些标准的在线直播硬件，更大的挑战是老师对直播软件的使用非常不熟悉，很难上手，需要做很多培训，这成为全行业面临的问题。”网易有道副总裁刘韧磊向《证券日报》记者提到。
此外，一些教育机构也纷纷暂停线下授课，转为在线直播，这一方面能够降低线下停课的损失，另一方面也培养了用户使用习惯。
松鼠AI就介绍称，“为了学生安全，我们率先主动关闭了自己的线下2000多家培训中心。而目前全国100万家培训中心关闭，导致数以亿计此前在线下学习的孩子，现在只能选择线上学习或者等待。这种心理的冲击和意识的改变是前所未有的。”
中小机构或退出市场
天眼查数据显示，从事在线教育行业的相关企业超23万家。近10年来，在线教育企业呈爆发式增长，2019年就成立6万多家相关企业。近5年则为在线教育企业集中诞生期，成立1年-5年的企业数量超过了13万家，占比57.6%。
同时，同花顺（300033）数据显示，A股在线教育概念股已有63家，据《证券日报》记者梳理，其中近六成在线教育概念股2019年实现了业绩预增。而鼠年开市以来，在线教育概念股更是备受青睐，截至2月6日收盘，20家在线教育概念股实现涨停。
疫情终会过去，此次特殊时期会对在线教育行业产生什么影响？
“疫情过后，我相信大部分的家长仍旧会回潮到线下学习。但是哪怕增加20%的家长留在线上，也会让曾经只有7%的线上教育市场增加三倍达到28%左右。”松鼠AI公司人士向《证券日报》记者表示。
上海证券分析师周菁菁表示，在线业务有望在线下停摆而培训刚需作用下大规模获客，但后期需追踪转化率、留存率等指标验证各家机构真正的实力。中小型培训机构难以消化线下停课的经济损失影响，且在线技术与服务能力均较弱，可能会退出市场，K12学科辅导和素质教育等市场集中度中长期趋于提升。
关注同花顺财经（ths518），获取更多机会
(function(){var obj = null;if(document.getElementById('arctTailMark')) {obj = document.getElementById('arctTailMark');}if(obj!=null){var str = '(image_address=""http://i.thsi.cn/images/article/logo.jpg"")  返回首页';var showed = 0;try{var oo = obj.previousSibling;while(oo.nodeType!=1 || oo.innerHTML.replace(/\s|\u3000/g,'').length==0){oo = oo.previousSibling;}if(oo.nodeType==1 && oo.tagName.toLowerCase()=='p') {var span = document.createElement('span');span.innerHTML =str;oo.appendChild(span);showed = 1;}}catch (e){}if(showed == 0){obj.innerHTML =str;}}})();"	2020-02-06 23:59:04
缩短城乡之间“数字鸿沟” 推进农业农村现代化	"本报记者刘萌
2月5日，2020年中央一号文件公布，其中提到加强现代农业设施建设，依托现有资源建设农业农村大数据中心，加快物联网、大数据、区块链、人工智能、第五代移动通信网络、智慧气象等现代信息技术在农业领域的应用，开展国家数字乡村试点等内容。
中南财经政法大学数字经济研究院执行院长盘和林在接受《证券日报》记者采访时表示，加强现代农业设施建设是乡村振兴的重要举措，是构建现代农业产业体系、生产体系、经营体系的基础支撑，能够优化农业产业结构，有助于农村物流配送、农产品市场交易、农业防灾减灾、农田水利系统等个各方面的完善和提升。发展现代农业，能够帮助农村实现粮食增产、农民增收和农业多功能发展。
据记者了解，目前，围绕农业产品等搭建的大数据平台已经在部分地区成功试点。中国国际经济交流中心经济研究部副部长刘向东对《证券日报》记者表示，有很多地方和企业都在尝试农业农村触网，特别是搭建大数据中心集成所有农业农村信息更好服务三农工作，如贵州毕节于2016年就建设农业大数据中心，整合全市农业信息化资源，以农业大数据云计算为核心，运用互联网、物联网、移动互联网、现代通信、云计算、大数据、人工智能等现代信息技术，推进云计算、大数据、智能分析、移动互联网、分析预警、协同办公等信息技术在产前预测指导、产中过程管理、产后电商营销以及政府辅助决策中的应用。
“浙江建设了智慧农业云平台，以‘一个平台、一个中心、N个应用’模式进行建设，以农业大数据为中心，实现全省农业行政事务和农业数据资源的统一监管，浙江省在农村大数据应用平台顶层设计、智慧农业云平台建设和运行管理方面做得比较到位，并且注重推进信息化向村庄、向农户延伸，使农业信息化与现代农业形成了较好的融合，有助于农业全产业链的融合和农业转型，提高生产效率。”盘和林介绍。
值得一提的是，今年1月份，农业农村部、中央网络安全和信息化委员会办公室联合印发《数字农业农村发展规划(2019-2025年)》提出以数字化引领驱动农业农村现代化，为实现乡村全面振兴提供有力支撑。
“推动乡村产业振兴，需要运用数字技术加快推动城乡融合发展，缩减城乡之间的数字鸿沟，为此中央一号文件提出要加快利用数字化技术推进农业农村现代化，支持现代新技术应用下乡，解决农业农村市场信息不对称等问题。”刘向东表示，因此应进一步加快推动数字农业农村发展，利用实施乡村振兴战略的重大机遇，积极推进乡村信息基础设施建设，让农村农业普遍有包括5G移动通信在内的广泛覆盖，为农业农村实现数字化改造提供基础支撑。
盘和林表示，在贯彻落实方面，一方面要强化农村信息化建设重要性的认识，加大投入、加快农业大数据制度和基础设施建设，推进智能终端设备在农村的普及，加强农业数据标准化建设以及交易平台的规范化管理等。另一方面要强化组织保障，加强监管，明确责任分工，各司其职，形成合力推动数字化引领驱动农业农村现代化。
关注同花顺财经（ths518），获取更多机会
(function(){var obj = null;if(document.getElementById('arctTailMark')) {obj = document.getElementById('arctTailMark');}if(obj!=null){var str = '(image_address=""http://i.thsi.cn/images/article/logo.jpg"")  返回首页';var showed = 0;try{var oo = obj.previousSibling;while(oo.nodeType!=1 || oo.innerHTML.replace(/\s|\u3000/g,'').length==0){oo = oo.previousSibling;}if(oo.nodeType==1 && oo.tagName.toLowerCase()=='p') {var span = document.createElement('span');span.innerHTML =str;oo.appendChild(span);showed = 1;}}catch (e){}if(showed == 0){obj.innerHTML =str;}}})();"	2020-02-06 23:58:57
光伏配件龙头爱康科技巨亏17亿 评级展望下调为负面	"原标题：光伏配件龙头爱康科技巨亏17亿元，评级展望被下调为负面
(image_address=""//n.sinaimg.cn/spider202026/110/w580h330/20200206/2faf-ipfprtn0962741.jpg"")
记者 | 江帆
国内光伏配件龙头江苏爱康科技股份有限公司（下称爱康科技，002610.SZ）的日子不大好过。
根据日前发布的业绩预告，该公司预计去年实现营收约50亿元，同比增长逾5%；亏损12亿-17亿元。
爱康科技称，业绩大幅亏损的主要原因为，受行业政策、担保事项等影响。
由于2018年“5.31”光伏新政的影响持续发酵，第八批名录及后续电站补贴政策尚未明确，且补贴延期发放、光伏限电等情况，导致爱康科技的光伏电站存在资产减值情况。
2月5日，鉴于爱康科技亏损规模大、资本实力下降较大，以及存在一定的代偿风险等情况对公司信用水平产生不利影响，联合信用评级有限公司决定将爱康科技移出信用等级观察名单，将评级展望调整为负面。
爱康科技成立于2006年，2011年8月登陆深圳证券交易所中小板，主营光伏边框、支架制造以及电站EPC等业务。
爱康科技在官网上称，其传统优势业务光伏边框制造已连续八年全球第一，产品占据全球市场份额近两成；光伏支架业务占全国市场份额的15%，年产能为 4GW。
2011年，爱康科技由光伏配件制造拓展至电站运营领域，资产负债率大幅走高。截至2017年底，该公司持有光伏电站超过1GW，资产负债率达到66.12%。
在重资产、高负债运行模式的压力下，轻资产的能源互联网运营商成为爱康科技新的战略调整方向。
为降低负债率、改善现金流，2018年，爱康科技共出售503 MW光伏电站，2019年继续推进存量资产的出售，因此，发电业务营业利润同比减少。
此外，该公司加码的高效电池与组件制造项目尚在投建之中，未能形成效益。
2019年末，爱康科技对子公司海达集团提供担保余额共计3.11亿元。目前，海达集团生产经营已受严重影响，部分贷款出现欠息、逾期。爱康科技称，公司可能因对上述负债提供担保而承担相应的保证责任。
责任编辑：王帅"	2020-02-06 23:40:00
"0利润奇葩业绩承诺遭""拷问"" 金宇车城重组案疑点重重"	"来源：财联社
此前因“深陷控制权之争漩涡”而备受关注的金宇车城（000803.SZ），在历经“北控系”与公司原控股股东金宇集团就控制权拉锯多年后，如今又因A股市场罕见的“0利润奇葩业绩承诺”式重组案成为市场舆论焦点。
自公布重组案以来，公司便饱受争议。2月5日晚间，深交所终于对金宇车城“出手”，对其下发了长达118页、多达30余问的问询函，表达对公司此次重组的种种疑问。
罕见的0利润业绩承诺
时间追溯至1月18日，金宇车城公布重组草案，称公司拟收购十方环能86.34%股权，交易价为3.94亿元。其中交易价中的89.58%部分，以发行价13.39元/股的股份做对价，剩余部分则以现金形式支付。交易对方包括段明秀、甘海南等34名股东。
在上述重组案中，公司与甘海南、段明秀两名交易对方签署《业绩承诺补偿协议》，相关方承诺十方环能在2020-2022年期间，每年实现扣非净利润应大于0元；若在该期限内净利润为负，承诺方则就亏损部分对公司进行补偿。
消息一出，市场哗然。一位行业人士表示，一般情况下业绩承诺是为了降低收购资产所带来的风险，0利润业绩承诺难免让人看不懂；甚至有市场声音将之称作“史无前例的业绩承诺”。
2月5日晚间，深交所针对上述业绩承诺提出疑问，要求公司就“净利润大于0”业绩承诺的原因即合理性予以说明，质问公司“是否存在补偿义务不能得到充分覆盖的风险”；并要求公司就此次交易中仅甘海南、段明秀作出业绩承诺的原因及合理性予以解释。
财联社记者带着相关疑问多次致电公司董秘办，电话无人接听。在相关公告中，公司就此次重组予以了解释，其中一个重要原因是公司当前业务发展困难，2019年前三季度公司净利亏损6285.35万元，欲通过并购重组实现资源优化配置。
资料显示，十方环能主业为生物质能源综合利用技术开发、新能源产品销售等，金宇车城的经营范围则包括能源设备及配件开发、汽车贸易等。十方环能2017-2018年营收分别为1.51亿元、1.93亿元，2019年1-9月营收为1.57亿元，相应报告期内的净利润则仅为1778.25万元、2981.92万元、2155.64万元。
是否向关联方倾斜利益
值得注意的是，此次重组系关联交易，其中关联人物为金宇车城董事王凯军。经记者查阅，王凯军系此次交易标的股东，持有十方环能3.96%股份，按照此次标的资产4.56亿元估值计算，其持股估值近1800万元。
此外，相关协议中还有一项“超额业绩奖励”，即若十方环能业绩承诺期内累计实现净利润超过1.13亿元，则由十方环能将超额部分按照一定比例奖励给相关核心团队。
基于上述关联关系等，交易所要求公司：“补充披露奖励范围是否包括关联方，如是，说明相关安排是否可能导致利益倾斜，是否有利于保护上市公司和中小股东利益。”
公开资料显示，王凯军曾担任北京环境研究院总工程师，现任清华大学环境学院教授、“北控系”旗下港股上市公司北控水务的独立董事等植职务。王凯军于去年10月份刚当选为公司董事，由“北控系”举荐。
就在王凯军上任后不久，公司就开启了重组计划。而在此次重组开启不久，公司任期不足两月的两名独立董事便不约而同地辞职，这两名独董分别是郭军元、王运陈，于去年11月、12月相继递交辞呈。
值得一提的是，在上述重组中，公司原计划收购十方环能、北京中源以及天津协宏三家公司相关股权，但之后陆续宣布终止收购后两家公司，仅剩十方环能，如今又遭到交易所的种种问询，此次重组能否顺利通过，财联社记者将持续关注。
责任编辑：王帅"	2020-02-06 23:38:55
美联储卡普兰:经济仍能保持稳定增长 尽管受波音拖累	"北京时间2月6日消息，美国达拉斯联储主席罗伯特-卡普兰(RobertKaplan)预计今年美国经济将保持稳健增长，如果不是因为波音737Max停产，情况本来会更好。
卡普兰预计美国今年GDP增长约2%至2.25%。
“如果不是因为波音公司的情况，我本来可能会有更强的预测；我们认为仅在第一和第二季度，波音公司的情况就将使GDP增长率削减了0.4个百分点，”他说道。
他还指出，美国的原油净产量增长从2018年下滑至2019年，今年将进一步下降。
此外，卡普兰称，他看到贸易更加稳定，这将使全球经济增长更加稳定。
注：卡普兰今年在联邦公开市场委员会(FOMC)拥有政策投票权。
关注同花顺财经（ths518），获取更多机会
(function(){var obj = null;if(document.getElementById('arctTailMark')) {obj = document.getElementById('arctTailMark');}if(obj!=null){var str = '(image_address=""http://i.thsi.cn/images/article/logo.jpg"")  返回首页';var showed = 0;try{var oo = obj.previousSibling;while(oo.nodeType!=1 || oo.innerHTML.replace(/\s|\u3000/g,'').length==0){oo = oo.previousSibling;}if(oo.nodeType==1 && oo.tagName.toLowerCase()=='p') {var span = document.createElement('span');span.innerHTML =str;oo.appendChild(span);showed = 1;}}catch (e){}if(showed == 0){obj.innerHTML =str;}}})();"	2020-02-06 23:29:49
孙宇晨携4名币圈人士与巴菲特共进晚餐，并送了他1个比特币	"币圈大佬、波场TRON创始人孙宇晨因“突发肾结石”取消与巴菲特的天价午餐6个月后，这顿饭最终还是吃上了。
2月6日晚，孙宇晨在推特上表示，已于1月23日晚同巴菲特共进晚餐，并送给巴菲特一个比特币。一同共进晚餐的还有莱特币创始人李启威、eToro首席执行官YoniAssia、币安慈善基金会负责人HelenHai以及火币首席财务官ChrisLee。
(image_address=""https://x0.ifengimg.com/res/2020/E0A8C77365275CD9D922F0D4118DCC59B1F70003_size169_w900_h675.jpeg"")
1月23日，孙宇晨（左四）携4位圈内人士与巴菲特（左三）共进晚餐。图片来源：孙宇晨推特
根据彭博社报道，巴菲特分享了其在商业、投资和生活中的众多智慧，并且表示区块链具有其价值，在支付领域拥有众多企业且有巨大的需求。他认为区块链技术将对支付的未来产生破坏性的影响。
孙宇晨还在推特上晒出了当日完场的账单，显示结账金额为515.05美元。
(image_address=""https://x0.ifengimg.com/res/2020/3F6B868925D5BB190EBF0516A1471872AC91D750_size360_w1080_h1440.jpeg"")
以“天价”拍下了巴菲特午餐，可以说是去年孙宇晨最火的“炒作”。
2019年6月4日，孙宇晨宣布，以破纪录的456.7888万美元（约合人民币3153万元）的竞拍价格，拍下了第20届巴菲特慈善午餐。
7月23日凌晨，孙宇晨突然在个人微博上发布消息称，“因突发肾结石正于医院治疗，因故取消与巴菲特先生的午餐会面。”
7月25日凌晨，孙宇晨在个人官方微博发布了一封致歉信，向公众、媒体与监管机构等致歉，并称巴菲特午餐缘起于其对巴菲特的崇拜与慈善的热爱，但是由于其言行不成熟、年轻气盛、口无遮拦，渐渐演化成一场失控、失速、失败的过度营销。
孙宇晨出生于1990年7月，本科毕业于北京大学历史系，研究生就读于美国常青藤名校宾夕法尼亚大学。2013年，当时还是比特币爱好者的孙宇晨在硅谷接触到了RippleLabs项目后，直言Ripple比比特币还要神奇，一个多月后，他以RippleLabs大中华区首席代表的身份回国创业。
回国后，成为币圈创业者的孙宇晨开始注重圈子和人设的打造。2014年3月起，孙宇晨一边通过接受媒体采访、参加论坛做宣传，另一边，成立了锐波科技，并拿到了信中利资本领投，IDG资本、中科资本、清控科创等多家创投跟投的千万美金级A轮融资。2015年，孙宇晨当选了中国福布斯30位30岁以下创业者，并入选湖畔大学。从此之后，“马云门徒”变成了孙宇晨本人最喜欢使用的头衔。"	2020-02-06 23:27:00
宁波大榭捐赠企业争先恐后八方支援	"“一方有难，八方支援。这些是我们好不容易筹集到的口罩，以前一直享受着大榭的优质服务，现在该是我们企业体现担当的时候了。”2月5日，大榭开发区慈善分会收到了爱心企业宁波杰博人力资源服务有限公司捐赠的10000只一次性无纺布口罩，用于支援大榭基层防疫工作。
“买不到口罩，这是我们的一份心意，希望早日战胜疫情。”同日，宁波大榭金泰天翊能源有限公司和宏锦天宸能源有限公司各捐赠了人民币50000元，用于购买防疫用品。
众志成城抗疫情，爱心企业在行动。自新型冠状病毒感染的肺炎疫情爆发以来，大榭全区上下万众一心，诸多爱心企业纷纷行动起来，争先恐后通过各种形式和渠道，积极参与“抗疫”。连日来，大榭开发区慈善分会收到了多家爱心企业的捐款捐物，截至2月5日，已收到各类口罩物资共计18410只，医用红外线体温计400只，捐款达12万元等。
据悉，大榭开发区慈善分会将这些企业捐赠的爱心防疫物资科学统筹、合理分配，首先将体温计、口罩发放给参与疫情防控的一线工作者，这段时间一线工作者工作量特别大，特别是体温计、医用口罩相对急缺，这批捐赠防疫物资正好帮助解决疫情防疫的燃眉之急。
除大榭万华氯碱公司24小时满负荷生产、已无偿供应社会232吨消毒液，贝亲电器捐助400支耳腔式医用红外线体温计等一批企业外，目前，还有很多有捐赠意向的爱心企业已联系大榭开发区慈善分会，物资正在紧急采购中。“我们计划捐30000只口罩，目前正在让7家韩国供应商紧急采购，还对接了菜鸟物流，争取下周内到货，为大榭阻疫工作贡献一份自己的力量。”韩华化学(宁波)有限公司生产部许部长说。
疫病无情，人间有爱。关键时刻，大榭的企业展现了责任担当，为打赢疫情阻击战、为当地民众的安全和健康，他们满满都是无私的爱。
关注同花顺财经（ths518），获取更多机会
(function(){var obj = null;if(document.getElementById('arctTailMark')) {obj = document.getElementById('arctTailMark');}if(obj!=null){var str = '(image_address=""http://i.thsi.cn/images/article/logo.jpg"")  返回首页';var showed = 0;try{var oo = obj.previousSibling;while(oo.nodeType!=1 || oo.innerHTML.replace(/\s|\u3000/g,'').length==0){oo = oo.previousSibling;}if(oo.nodeType==1 && oo.tagName.toLowerCase()=='p') {var span = document.createElement('span');span.innerHTML =str;oo.appendChild(span);showed = 1;}}catch (e){}if(showed == 0){obj.innerHTML =str;}}})();"	2020-02-06 23:19:50
深康佳A：康芯威销售芯片1亿颗不构成公司业绩承诺	"深康佳A连续3日涨停，股价异动。公告公告称，康芯威公司争取在2020年销售存储主控芯片1亿颗不构成本公司对投资者的业绩承诺。
责任编辑：王帅"	2020-02-06 23:13:01
信邦制药：公司与第三方合作研发新冠病毒检测试剂盒	2月6日，信邦制药公告，全资子公司中肽生化、康永生物近日与嘉兴行健签订了《合作协议》。双方共同合作研究开发新型冠状病毒肺炎酶免（ELISA）检测试剂盒，研发成果双方共享。嘉兴行健是国际知名的酶联免疫法及国际创新型的磁微粒-吖啶酯全自动化学发光法的领导者，其自主研发、生产的体外诊断试剂及配套的磁微粒-吖啶酯全自动化学发光平台，属于高端新型科学技术，配套该平台所检测的试剂盒，多为国内独家产品，且为国内亟需填补的IVD空白项目。	2020-02-06 23:09:06
茅台研究出台纲领性文件 保障酒生产复工有序进行	"来源：贵州茅台
中共中央政治局常务委员会2月3日召开会议明确，生产企业要做到疫情防控和生产复工两不误。“要在做好防控工作的前提下，全力支持和组织推动各类生产企业复工复产。”2月6日，集团公司在茅台会议中心专题研究讨论《生产及保障系统复工复产工作方案》（以下简称《方案》），通过研究出台纲领性文件，切实保障茅台酒生产复工如期有序进行。
(image_address=""//n.sinaimg.cn/finance/crawl/116/w550h366/20200206/165b-ipfprtn0890259.jpg"")
集团公司党委副书记、总经理李静仁主持会议，集团公司领导王焱、卓玛才让、杨代永、刘大能、段建桦、王莉、万波出席会议。
根据集团公司相关决策部署，《方案》通过明确组织领导、细化复工生产安排准备工作、制定严格的复工后疫情防控措施，以合理调度生产、减少人员聚集、加强疫情筛查，做到坚决杜绝疫情扩散，切实保障员工身体健康和生命安全。
与会领导就《方案》各项内容进行了充分研究讨论，并从各自分管的角度，提出了切实可行的意见建议。
李静仁指出，方案基本可以，接下来要把会上好的意见建议补充进去，进一步完善优化，保证方案落地、落细、落小，为疫情防控和生产复工做好保障。
“针对此次疫情防控过程中的复工复产工作，整个《方案》就是一个纲，只有纲举才能目张。”李静仁指出，这个总纲完善明确，后续工作才能围绕展开。此次茅台酒的生产能否如期正常复工，不仅事关茅台未来发展，更关乎全省经济社会发展大局，公司上下一定要高度重视，切实把工作做细做足，保障方案落实落地。
李静仁强调，在疫情防控的特殊时期，即使方案考虑再周到，疫情防控工作领导小组和生产部门也要有充足的思想准备，应对可能出现的各类问题。公司办公室、生产管理部、茅台医院以及设备环保等部门要责任落实到人，加强协调调度，做到克服一切困难保生产。各项保障工作要明确时间节点、负责部门，倒排工期，并出台相应的配套子方案，保证切实可行。为保证疫情防控工作的延续性和落实落地，每个车间、单位要明确由支部书记专职抓生产期间的疫情防控，盯死看牢各项工作，狠抓落实。
会议指出，从社会疫情防控大局和公司疫情防控工作综合考虑，集团公司复工复产将分步分批进行，目前首要保证好茅台酒、习酒和系列酒（包括201厂、301厂）等生产时间、周期紧迫的企业复工复产工作。同时，在疫情防控和复工复产的特殊时期，更要严明纪律，做到有错必究，有责必追，把两方面工作同步抓好。
会议要求，集团旗下其它生产性子公司要参照方案，结合自身实际，制定好相应的复工方案。
党委办公室、公司办公室、生产管理部等部门负责人参加会议。
免责声明：自媒体综合提供的内容均源自自媒体，版权归原作者所有，转载请联系原作者并获许可。文章观点仅代表作者本人，不代表新浪立场。若内容涉及投资建议，仅供参考勿作为投资依据。投资有风险，入市需谨慎。
责任编辑：王帅"	2020-02-06 23:07:05
抗击疫情保春耕供应 长寿已储备化肥2.1万吨	"华龙网-新重庆客户端2月6日10时20分讯（记者 舒婷 通讯员 傅智治 ）昨（5）日，华龙网-新重庆客户端记者从重庆市长寿区获悉，长寿供销系统在积极做好疫情防控同时，全力做好春耕备耕、物资保障工作。目前，已储备化肥2.1万吨、农膜200吨，分别占全年用量的60.00%、42.55%。
长寿区供销社相关负责人介绍，长寿将根据市场需求动态充实化肥库存，全力保障农膜市场供应，确保“春耕保供”不受疫情影响。
同时，长寿区供销社已与长寿区市场监管局提前介入，严打哄抬物价、囤货居奇、串通涨价、强制搭售等违法行为，确保春耕物资种类齐全、结构合理、价格公道。
关注同花顺财经（ths518），获取更多机会
(function(){var obj = null;if(document.getElementById('arctTailMark')) {obj = document.getElementById('arctTailMark');}if(obj!=null){var str = '(image_address=""http://i.thsi.cn/images/article/logo.jpg"")  返回首页';var showed = 0;try{var oo = obj.previousSibling;while(oo.nodeType!=1 || oo.innerHTML.replace(/\s|\u3000/g,'').length==0){oo = oo.previousSibling;}if(oo.nodeType==1 && oo.tagName.toLowerCase()=='p') {var span = document.createElement('span');span.innerHTML =str;oo.appendChild(span);showed = 1;}}catch (e){}if(showed == 0){obj.innerHTML =str;}}})();
责任编辑：cjh"	2020-02-06 23:06:15
拟罚230万元 山东市场监管部门再曝一起哄抬价格违法案件	"人民网济南2月6日电（宋翠）连日来，山东省各级市场监管部门持续加强口罩、消毒杀菌用品、抗病毒药品等防疫用品市场价格监管，坚决打击囤积居奇、哄抬价格、不明码标价等借疫情牟利的违法行为。
2月2日，青岛市市场监管局根据多起投诉举报线索，对青岛医保城药品连锁有限公司（总部）进行检查，发现当事人在疫情防控期间，将一批进价45元/只的“好天气HEPA防霾口罩”“微氧自吸过滤式防颗粒物呼吸器”，分别抬高至139元/只销售，进销差价率为208.89%，涉嫌构成哄抬价格的违法行为，情节较重。青岛市市场监管局拟对其处以230万元罚款的行政处罚。
山东省市场监督管理局提醒广大消费者，发现价格违法线索，请拨打当地12345热线进行举报，市场监管部门将对哄抬价格等违法行为坚持露头就打，一律从快从严从重严肃处理。（宋翠 张道前）
关注同花顺财经（ths518），获取更多机会
(function(){var obj = null;if(document.getElementById('arctTailMark')) {obj = document.getElementById('arctTailMark');}if(obj!=null){var str = '(image_address=""http://i.thsi.cn/images/article/logo.jpg"")  返回首页';var showed = 0;try{var oo = obj.previousSibling;while(oo.nodeType!=1 || oo.innerHTML.replace(/\s|\u3000/g,'').length==0){oo = oo.previousSibling;}if(oo.nodeType==1 && oo.tagName.toLowerCase()=='p') {var span = document.createElement('span');span.innerHTML =str;oo.appendChild(span);showed = 1;}}catch (e){}if(showed == 0){obj.innerHTML =str;}}})();
责任编辑：cjh"	2020-02-06 23:06:03
广州公布疫情防控期间8起口罩相关价格违法案	"新华网（603888）广州2月6日电（记者胡林果）在疫情防控关键时期，广州市市场监管局加大监管执法力度，并于6日公布了疫情防控期间8起价格违法典型案例。
据通报，广州市从化双松药店平常普通口罩每个售卖价格为0.5元，疫情期间均价高达每个19元；国药控股国大药房广州连锁有限公司金碧世纪店销售的云南白药（000538）集团股份有限公司生产的泰邦弹性防火口罩，每包2只，在2020年1月23日至30日期间销售价格为29.8元/包，进货价单价为13.5元/包；广东善和堂药业连锁有限公司东晓南分店所销售PM2.5折叠式防颗粒口罩进货价22元/盒，销售价48元/盒。
疫情期间还有的店铺通过互联网平台高价销售口罩。1月30日，广州市天河区市场监管局对广州市天河区龙洞华强杂货店进行检查，经查，当事人于2020年1月28日在美团网上高价销售口罩，销售的价格为39元/包，上述口罩的进货价为10元/包。
此外，广州市美芝林大药房有限公司富国路第六分公司、广州穗和堂药店有限公司、广州御恒堂贸易有限公司南浦第一分店、广州市健康仁生药房有限公司等4家经营场所当事人涉嫌哄抬价格，市场监管部门已立案调查。
关注同花顺财经（ths518），获取更多机会
(function(){var obj = null;if(document.getElementById('arctTailMark')) {obj = document.getElementById('arctTailMark');}if(obj!=null){var str = '(image_address=""http://i.thsi.cn/images/article/logo.jpg"")  返回首页';var showed = 0;try{var oo = obj.previousSibling;while(oo.nodeType!=1 || oo.innerHTML.replace(/\s|\u3000/g,'').length==0){oo = oo.previousSibling;}if(oo.nodeType==1 && oo.tagName.toLowerCase()=='p') {var span = document.createElement('span');span.innerHTML =str;oo.appendChild(span);showed = 1;}}catch (e){}if(showed == 0){obj.innerHTML =str;}}})();
责任编辑：cjh"	2020-02-06 23:05:45
蝗虫、草地贪夜蛾、非洲猪瘟，全球农业正遭遇灾害威胁	"(image_address=""https://x0.ifengimg.com/ucms/2020_06/8AB8FEF78DD90E026C138829578D44DA93C6F6D5_w493_h277.jpg"")
本文字数：1743，阅读时长大约3分钟
导读：专家认为，对蝗虫、草地贪夜蛾灾害，需要提前进行系统的预测评估，尽可能早防早控。
作者|第一财经邵海鹏
全球的农业，不论是种植业还是养殖业，都正遭遇灾害威胁。
从种植业来看，东非国家、巴基斯坦遭遇严重蝗虫灾害，而国内今年或爆发草地贪夜蛾灾情。
在养殖业方面，尽管非洲猪瘟疫情有所控制，但新型冠状病毒肺炎给养殖业带来次生冲击。而沙特、丹麦、越南，国内新疆、湖南两省，均发生了禽流感疫情。
中华粮网易达研究院副院长张智先对第一财经记者表示，全球粮食产量因蝗灾的影响，当前还未看到比较明显的下降预期，后续情况有待观察。对蝗虫、草地贪夜蛾，不能掉以轻心，需要提前进行系统的预测评估，尽可能从早期就开始着手，做好各种预案，提升防灾抗灾的能力。至于养殖业遭遇的冲击，要密切观察。
蝗灾蔓延引担心
在东非，沙漠蝗虫正在埃塞俄比亚、肯尼亚和索马里蔓延，其规模和破坏力使非洲之角的粮食安全，面临前所未有的威胁。这也是继2016年1月非洲爆发草地贪夜蛾之后，再次爆发的严重虫害。
东非地区原本有超过2000万人因干旱、洪水等灾害面临粮食危机，蝗灾将使情况更加恶化，可能引发人道主义危机。
在南亚，巴基斯坦也正遭受一场27年来最严重的蝗灾。2020年，当地时间1月31日，为抗击蝗灾，巴国政府宣布全国进入紧急状态，还批准了《抗击蝗虫国家行动计划》。
联合国粮农组织报告指出，西亚和红海地区也将面临蝗灾侵袭，需要密切监测灾情，及时开展抗灾行动。
联合国粮农组织负责气候和自然资源的副总干事塞米多警告说，各国需要立即采取行动，因为蝗虫不会等待。
张智先称，干旱是造成蝗灾爆发的直接原因。从目前情况来看，东非、巴基斯坦的农业遭受损失避免不了，但由于现在对付蝗虫的手段还比较多，对粮食生产的具体影响，还要看后续发展情况。
由于南亚与我国西南地区接攘，加上蝗虫的飞行特性，这引发国内对于蝗虫蔓延的担心。
张智先称，蝗虫没有长距离集群和迁移的习性，常生活在一个地方，因而不一定会往我国云南、广西蔓延，这一点与草地贪夜蛾不同。退一步讲，即使向中国境内蔓延了，也不用过度担心，一方面是这些年我国的农业基础相对来说有了较大提升，另一方面，我国也有抗击蝗灾的经历，对付蝗虫有一定的经验积累。
他建议农业部门，要注意防患于未然，不能掉以轻心，需要提前进行系统性的预测评估，尽可能从早期就开始着手，做好各种预案，提升防灾抗灾的能力。
警惕草地贪夜蛾爆发
至于草地贪夜蛾，系2019年1月从云南省入侵我国，随后在国内多地蔓延。由于是外来入侵物种，导致防控难度较大。由于越冬量大、北迁时间提早，业内认为，2020年草地贪夜蛾全面爆发的可能性非常大。
华西证券农林牧渔首席分析师周莎称，草地贪夜蛾迁入期提前，将与黄淮海夏玉米苗期遭遇概率增大，苗期受害极易造成缺苗断垅。在玉米食源不足的情况下，冬春季会对西南、长江中下游和江淮麦区小麦生长造成较大威胁，局部造成集中危害。
张智先认为，在国内预期草地贪夜蛾将在较大范围爆发可能性增大的基础上，各级农业部门应做好充分准备，特别是在技术储备及管理措施方面。由于草地贪夜蛾是可防可控的，如果能提前做好准备，理想情况下可将其消灭在萌芽状态。这个最关键的是需要各级农业部门充分重视起来。
今年1月，联合国粮农组织也启动了一项为期三年的“防治草地贪夜蛾”大规模全球行动，正寻求在未来三年内能够筹集到5亿美元用于防治草地贪夜蛾。
养殖业遭遇考验
养殖业方面，在内有非洲猪瘟、禽流感，外有新型冠状病毒肺炎影响的情况下，更是容不得大意。
随着非洲猪瘟得到一定程度的控制，在市场价格的刺激下，养殖户补栏的积极性已经上来，生猪产能正在逐步恢复过程中。不过，生猪的周期性很长，要恢复到过去产能，恐怕还要半年到一年的时间。
禽流感疫情对养殖业的冲击，还有待进一步观察，但新型肺炎疫情，已经对养殖业带来严重的次生影响。
比如，国内多地在严禁任何形式的野生动物交易活动之外，还发布紧急通知，全面禁止市场销售活禽。更为重要的是，肉类消费减少所导致的禽类价格不断走低。禽类中的蛋禽，尤其是蛋鸡，也进入了亏损。
不过这也在一定程度上缓解了猪肉供应的压力。春节前后一个月，是肉类需求旺季，需求高出正常月份，占全年肉类消费15%左右。受新型肺炎疫情影响，今年春节期间肉类消费锐减，预计全年将出现5%-8%降幅。
布瑞克&middot;农产品集购网研究总监林国发称，春节期间生猪的压栏，有利于提升元宵节到3月份生猪出栏的平均体重，从而增加猪肉供应。"	2020-02-06 23:04:38
东京奥组委：奥运会“绝对不会”因疫情取消	"新华社东京2月6日电（记者王子江）东京奥组委6日再次确认，尽管新型冠状病毒感染的肺炎疫情仍在持续，但将于7月24日开幕的东京奥运会“绝对不会取消”。
据共同社报道，东京奥组委同时也明确表示，会采取“一切可能的措施”应对疫情带来的威胁，这些措施主要集中在两个方面，一是防止奥组委内部出现感染，以免奥运会筹备工作受到妨碍；二是防止奥运会期间运动员受到感染，并且为可能出现的感染提出应对预案。
组委会没有透露具体的行动方案，但一位东京奥组委官员说，在观众集中的场馆，可能会进行比较容易操作的健康检查，譬如在体育场入口测量体温等。
日本首相安倍晋三早些时候曾透露，日本政府将会与世界卫生组织密切合作，“以保证东京奥运会和残奥会的准备工作能够稳步推进，不会受到疫情暴发的影响”。
截至2月6日，日本国内新型冠状病毒感染者总数为45人。
东京奥组委上周发表一份声明，表示“从来没有考虑过取消奥运会的事情”。
日本奥运大臣桥本圣子早些时候也表达了东京成功举办奥运会的信心，她在上周内阁会议后的新闻发布会上说：“有人可能认为，我在独自散步的时候会想‘东京奥运会没问题吗’。但事实上，我完全没有这样的疑问，准备工作正在一如既往地向前推进。”
国际奥委会早些时候也发表声明说，国际奥委会已经与世界卫生组织和其他相关机构就新型冠状病毒感染的肺炎疫情进行了交流，并表达了成功举办东京奥运会的信心。
“应对传染疾病的措施是东京奥组委安全举办奥运会的重要组成部分，东京奥组委将继续与监控疫情的相关机构密切合作，研究可能采取的应对措施。”国际奥委会在声明中说。
关注同花顺财经（ths518），获取更多机会
(function(){var obj = null;if(document.getElementById('arctTailMark')) {obj = document.getElementById('arctTailMark');}if(obj!=null){var str = '(image_address=""http://i.thsi.cn/images/article/logo.jpg"")  返回首页';var showed = 0;try{var oo = obj.previousSibling;while(oo.nodeType!=1 || oo.innerHTML.replace(/\s|\u3000/g,'').length==0){oo = oo.previousSibling;}if(oo.nodeType==1 && oo.tagName.toLowerCase()=='p') {var span = document.createElement('span');span.innerHTML =str;oo.appendChild(span);showed = 1;}}catch (e){}if(showed == 0){obj.innerHTML =str;}}})();
责任编辑：cjh"	2020-02-06 22:57:48
火车车厢里的空气多久换一次？铁路部门科普来了	"(image_address=""https://x0.ifengimg.com/ucms/2020_06/EC1A50C9115062EDE7D113041BCF84690B1FADD0_w640_h364.jpg"")
拍摄：蔡星卓
记者：唐俊
“铁路部门对所有动车组列车，最大限度增加新风供应量，不同车型的新风供应量提高了17%至33%。”
据交通部最新消息，2月5日全国铁路发送旅客119.1万人次，较去年同比下降89.4%。
最近几日乘坐过火车的多位乘客对界面新闻表示，火车上乘客非常少，有的车厢甚至不足5人。
随着大部分省份2月10号复工日临近，不少上班族将要返回工作地，对于乘坐火车时的健康安全也有一定担心。车厢里面的空气是流动的吗？多久可以循环一次？
对此，界面新闻从中国国家铁路集团有限公司（下称国铁集团）了解到，动车组列车和普速空调列车均有通风系统，动车组列车近期还专门加大了通风量，每隔5至10分钟可完成一次新风换气。
国铁集团表示，目前我国铁路运营的旅客列车主要分为动车组列车、普速空调列车和普速非空调列车三种类型。
动车组列车主要采用顶部送风、底部排风的通风方式，少数采用顶部、侧向同时送风，底部排风方式；普速空调列车采用顶部送风、端部回风方式。
所有动车组和普速空调列车均能够持续实时供应新风，空气清洁度、新风量、空气粉尘浓度、温度均匀性、温湿度等技术参数符合国家标准要求。
普速非空调列车主要采用自然通风方式，目前该种车型使用量非常小。
国铁集团负责人强调，为做好疫情防控工作，铁路部门进一步优化了动车组列车通风，并加强了空调列车滤网清洗消毒。
国铁集团表示，对所有动车组列车，最大限度增加新风供应量，最高的车型提高了33%，确保各车厢每隔5至10分钟可完成一次新风换气。
针对少数采用顶部、侧向同时送风的动车组列车，铁路部门优化调整了空调供风系统控制策略，提高顶部送风量比例，能有效防止空气交叉对流循环。
同时，铁路部门增加了对动车组列车和普速空调列车的空调滤网清洗消毒频次，确保通风系统运转良好。
对非空调列车，在确保安全的前提下，采取勤开车窗、及时通风换气等措施，保持车厢空气流通。
国铁集团负责人表示，在加强列车通风的同时，还加大了各类旅客列车的预防性消毒、应急消毒、终末消毒和全程卫生保洁力度，对厕所门把手、洗手台水龙头、废物箱投放处等重点部位加密消毒频次，保持列车环境整洁卫生，阻断疫情传播路径。
各车站也对站内的直梯、扶梯、检票口、出站闸机等重点设施设备加强了消毒。"	2020-02-06 22:50:48
做好疫情防控 春耕备耕生产陆续开始	"眼下已经立春，在四川各地，春耕备耕生产陆续开始，在做好疫情防控的同时，为全年农业生产打好基础。
抓好疫情防控 不误春耕
在四川内江，这两天，很多农技员前往乡村的田间地头，指导农民做好蔬菜种植，进行毛豆、辣椒等育苗作业。为了不影响春耕生产，又能做好防疫，在种植地不远处，当地政府专门设置消毒点，对进出车辆及下地耕种人员进行防疫消毒。
调运农资保春耕 群发视频指导农技
四川宜宾的兴文县是农业大县，今年预计种植水稻18.76万亩，从2月4号开始，在兴文县共乐镇的千亩高标准农田，十多位村民在当地种养殖专业合作社的指导下，对1100亩水稻田进行春耕备耕作业，要持续一个月的时间。当地农业部门调运种子、肥料、地膜等农资，送达乡镇的300余家农资经销点。在春耕备耕的同时，当地防疫工作也毫不松懈。
四川宜宾市兴文县某合作社负责人 邹清碧：我们给每个工人都发了口罩，要求大家干活不能站得太近。
在四川宜宾叙州，正月十五后就要浸泡稻种，为春播做准备。浸泡过程中如何减少病害，当地的植保人员将农技进行演示，拍成短视频发给大家。随后将组织技术人员分散到各村进行入户指导。
关注同花顺财经（ths518），获取更多机会
(function(){var obj = null;if(document.getElementById('arctTailMark')) {obj = document.getElementById('arctTailMark');}if(obj!=null){var str = '(image_address=""http://i.thsi.cn/images/article/logo.jpg"")  返回首页';var showed = 0;try{var oo = obj.previousSibling;while(oo.nodeType!=1 || oo.innerHTML.replace(/\s|\u3000/g,'').length==0){oo = oo.previousSibling;}if(oo.nodeType==1 && oo.tagName.toLowerCase()=='p') {var span = document.createElement('span');span.innerHTML =str;oo.appendChild(span);showed = 1;}}catch (e){}if(showed == 0){obj.innerHTML =str;}}})();
责任编辑：cjh"	2020-02-06 22:48:54
广东“两院”发布通告依法从重打击涉疫情刑事犯罪	"新华网（603888）广州2月6日电（记者周颖）广东省高级人民法院和广东省人民检察院6日联合发布《关于依法严厉打击新型冠状病毒感染的肺炎疫情防控期间刑事犯罪的通告》，对传播病毒、暴力伤医、抗拒管制、拦抢物资、阻碍交通、趁火打劫、制假售假、哄抬物价、囤积居奇、谣言惑众等构成犯罪的行为，依法予以严厉打击。
对确诊患者、疑似患者拒绝接受隔离治疗、擅自脱离隔离治疗，或者来自病毒感染高发地区、与病毒感染高发地区人员密切接触，不服从隔离管理，故意隐瞒经历，造成病毒传播的，通告明确将按照以危险方法危害公共安全罪、妨害传染病防治罪处罚。对以暴力、威胁等方法阻碍疫情防控工作人员依法采取防疫、检疫、隔离等应急管制措施的，将按照妨害公务罪处罚。
通告明确在卫生医疗机构寻衅滋事，对医务人员实施阻拦、推搡、撕扯等严重妨碍卫生医疗秩序行为的，按照寻衅滋事罪论处，故意伤害医务人员的，侮辱、恐吓、殴打医务人员情节严重的，按照故意伤害罪、寻衅滋事罪、侮辱罪从重处罚。
对带头聚众哄抢公私财物，数额较大或者有其他严重情节的，通告明确将按照聚众哄抢罪处罚，哄抢疫情防控物资的，从重处罚。在公共场所起哄闹事，严重扰乱公共场所秩序的，按照寻衅滋事罪从重处罚；聚众“打砸抢”，致人伤亡的，按照故意伤害罪或者故意杀人罪从重处罚。
通告指出，对生产、销售伪劣防疫物资，和疫情防治的假药、劣药的，分别按照生产、销售伪劣产品罪，生产、销售假药罪，生产、销售劣药罪从重处罚。生产不符合国家或者行业标准的医用器材，或销售明知不符合标准的医用器材，情节严重的，按照生产、销售不符合标准的医用器材罪从重处罚。
通告还明确对破坏轨道、桥梁、隧道、公路行为，违反国家有关市场经营、价格管理规定严重扰乱市场秩序行为，非法收购、运输、出售野生动物及其制品行为，恶意编造、散布、传播疫情虚假信息行为，利用职务上的便利侵吞、截留非法占有用于疫情防控款物行为，拒不执行疫情防控决定、命令，或故意瞒报、缓报、谎报疫情行为，随意处置病毒感染者使用过的防护用品、生活医疗垃圾及有毒物质，严重污染环境的行为，构成犯罪的，将依法予以严惩。
广东高院有关负责人表示，全省各级法院始终把人民群众生命健康安全放在首位，充分发挥审判职能，坚决维护治安秩序、医疗秩序、隔离秩序、保障秩序，为扎实做好疫情防控工作提供有力的司法服务和保障。
关注同花顺财经（ths518），获取更多机会
(function(){var obj = null;if(document.getElementById('arctTailMark')) {obj = document.getElementById('arctTailMark');}if(obj!=null){var str = '(image_address=""http://i.thsi.cn/images/article/logo.jpg"")  返回首页';var showed = 0;try{var oo = obj.previousSibling;while(oo.nodeType!=1 || oo.innerHTML.replace(/\s|\u3000/g,'').length==0){oo = oo.previousSibling;}if(oo.nodeType==1 && oo.tagName.toLowerCase()=='p') {var span = document.createElement('span');span.innerHTML =str;oo.appendChild(span);showed = 1;}}catch (e){}if(showed == 0){obj.innerHTML =str;}}})();
责任编辑：cjh"	2020-02-06 22:48:05
商场超市要关门停业？谣言！德州市生活必需品市场供应总体充足	"近日，一则关于“商场超市要关门停业，大家快去囤积蔬菜肉食”的信息，在朋友圈等社交平台传播，造成部分市民恐慌。记者采访发现，春节过后，德州市委市政府全力保供应，多次调度大型批发市场、商超等每天销量库存等情况，确保市场稳定。根据市商务局对德州市13个县市区26家市场供应样本企业生活必需品供销情况调度显示，目前德州市米面粮油肉蛋奶等生活必需品供应充足，未发生抢购断档现象，市商务局也从未发出关门停业公告。这则信息为谣言。
数据显示，2月6日市场供应样本企业生活必需品库存1192吨，2月5日成交量1075吨，市场供应总体充足，其中土豆、大白菜、白萝卜供销两旺。这与记者在中心城区多家大型商超的调查一致。中心城区的德百大楼、澳德乐时代广场、天衢购物中心、扒鸡美食城等重点超市工作人员，在严把食品进货检疫，强化商场杀菌消毒的同时，全力保障蔬菜、肉类等生活物资供应，并承诺不追逐利润、不涨价。
市发改委数据据监测显示，2月6日德州市大型商超居民生活消费品价格总水平与2月5日相比基本持平，略涨0.13%。
提醒广大消费者，理性看待网络信息，关注权威媒体，不信谣，不传谣。
关注同花顺财经（ths518），获取更多机会
(function(){var obj = null;if(document.getElementById('arctTailMark')) {obj = document.getElementById('arctTailMark');}if(obj!=null){var str = '(image_address=""http://i.thsi.cn/images/article/logo.jpg"")  返回首页';var showed = 0;try{var oo = obj.previousSibling;while(oo.nodeType!=1 || oo.innerHTML.replace(/\s|\u3000/g,'').length==0){oo = oo.previousSibling;}if(oo.nodeType==1 && oo.tagName.toLowerCase()=='p') {var span = document.createElement('span');span.innerHTML =str;oo.appendChild(span);showed = 1;}}catch (e){}if(showed == 0){obj.innerHTML =str;}}})();"	2020-02-06 22:44:51
净利最高预增12倍！30家上市券商披露2019年业绩状况，近半数同比翻番	"受多重因素影响，2019年券业整体业绩大幅改善。
截至2月6日，已有30家上市券商披露了2019年全年业绩预告或快报，其中29家净利润同比实现增长，14家增幅在1倍以上，最高的增长12倍！
市场行情整体回暖成为多数券商2019年净利润同比增长的主要原因。日前新型冠状病毒感染的肺炎疫情仍在持续，不少券商线下业务受到影响。不过展望2020年全年，多家机构仍看好行业整体发展态势。
近半数券商净利翻番
从已披露业绩快报或预报内容看，30家上市券商中中信证券净利润额暂时拔得头筹，2019年公司归母净利润达122.88亿元，同比增长30.86%；海通证券2019年归母净利润在93.8至96.93亿之间，暂时位居第二；华泰证券2019年归母净利润在85.56亿元至93.11亿元之间，国泰君安2019年归母净利润为86.26亿元，二者不相上下。
再之后是广发证券，2019年公司归母净利润在71.6亿元至75.9亿元之间；招商证券2019年归母净利润在70.8亿元至75.22亿元之间；中信建投、中国银河2019年归母净利润分别为55.02亿元、51.18亿元；东方证券2019年归母净利润在23.5亿元至25亿元之间；财通证券2019年归母净利润为18.6亿元。
(image_address=""https://x0.ifengimg.com/ucms/2020_06/DC09890686D77BA2BE1737A07E39AD5DA87B8562_w442_h893.png"")
数据来源：各券商2019年业绩预报、快报
从增速来看，太平洋证券2019年净利润同比扭亏为盈；净利润增幅超100%的券商共有14家，包括华安证券、东北证券、东吴证券、西部证券、红塔证券等；有5家超过300%，分别是兴业证券、国海证券、长江证券、光大证券、西南证券。
兴业证券2019年预计实现净利润15亿元至18亿元，同比增长高达1008%—1229.9%，远超其他同行，2018年公司净利润仅1.35亿元。对此公司表示主要得益于2019年证券市场行情回暖，主要股指整体上涨，两市成交额同比增长，公司积极把握市场机遇，坚持价值投资，证券投资业务取得良好收益；此外分公司转型发展成效逐步显现，经纪业务收入实现恢复性增长。
天风证券是目前唯一归母净利润可能同比下滑的券商，2019年公司归母净利润为2.5亿元至3.5亿元，2018年公司归母净利润为3.03亿元，对此天风证券表示，公司自营和投资银行等业务收入受证券市场影响，较去年同期有一定程度上升，但部分股票质押业务的违约或者履约保障比下滑，计提了信用减值损失，导致公司2019年度净利润较2018年度变化不大。
市场回暖带动业绩猛增
从多数券商业绩预报或快报表述来看，2019年市场整体行情回暖是推动业绩增长的最主要因素。
Wind数据显示，2019年上证综指从不到2500点站上3000点，全年累计上涨22.3%；深证成指、创业板指涨幅更是双双超过40%，分别达到44.08%和43.79%。从资金面看，两融余额在2019年末再度突破万亿元大关，年内增幅约35%。
股市回暖直接推动券商经纪业务或财富管理业务大幅增长。太平洋证券表示，2019年A股各大指数大幅上涨，公司证券投资业务抓住市场时机取得良好收益；此外A股市场回暖，交易量持续增长，公司信用业务和经纪业务扭亏为盈。
南京证券表示，2019年证券市场回暖，公司证券经纪、投行及投资等业务收入同比实现不同幅度增长，取得了较好的经营业绩。
得益于资本市场深化改革、科创板开市以及IPO发行常态化，投行业务成为多家券商2019年增收的重要板块，不少券商在公告中都提到2019年投行业务表现良好。广发证券表示，2019年国内证券市场交投活跃，公司积极抓住市场机会、推进各项业务发展，财富管理、投资管理、交易及机构和投资银行业务收入均实现增长，公司净利润比上年同期大幅增加。
短期扰动不改长期趋势
近期新型冠状病毒感染的肺炎疫情持续，证券行业也不可避免受到影响，最直观的表现莫过于多家券商纷纷表示将暂停线下营业部营业，转而建议投资者通过线上渠道进行交易和业务办理。
不过多家分析机构均认为，展望全年，疫情不会动摇券业发展的原有步伐，伴随着证券业对外开放持续推进等一系列积极因素，2020年券业整体发展前景可期。
渤海证券认为，疫情将从投资者情绪和盈利能力两个方面对券商板块产生一定负面冲击，但从长期来看，预计未来会有更多配套措施相继落地，有助于券商盈利能力和投资者情绪的修复。此外，券商板块上涨的驱动因素主要包括资本市场改革、流动性以及A股市场上涨带动的β属性，在资本市场深化改革进程中，以上因素都将得到兑现。维持对行业的长期看好，龙头券商凭借雄厚的资本实力和风控能力，在资本市场深化改革“扶优限劣”的政策倾斜下将最直接受益。
中泰证券认为，此次疫情将对市场情绪造成负面冲击，券商板块短期预计承压，但疫情短期冲击不改行业长期向好趋势，渐进宽松的货币政策环境有望延续，资本市场改革有序，行业短期有望受益于流动性改善，长期建议关注个股战略业务模式选择和能力禀赋。
编辑：徐效鸿"	2020-02-06 22:39:31
新农股份：疫情对公司生产经营活动影响较小	"中证网讯（记者 吴科任）新农股份（002942）2月6日晚间发布公告，为贯彻落实各级人民政府关于疫情防控工作的通知和要求，公司及子公司将根据所在地地方政府发布的复工文件正常复工；公司所属分公司台州新农精细化工厂由于春节期间未停产，其在严格做好疫情防控措施的基础上，按照原规模维持生产。截至目前，本次疫情对公司生产经营活动的影响较小。
新农股份表示，自疫情发生以来，公司第一时间成立疫情应急管理领导小组，加强内部管理，统筹安排疫情防控工作，及时启动每日信息统计工作，全力保障员工健康和安全；安排部署各分、子公司积极参与地方政府疫情防控工作，并处理与经营相关、客户相关的应急工作的部署及资源调配。截至公告日，公司及子公司员工未发现病例。
公告显示，为切实履行上市公司社会责任、回馈社会，新农股份于2月6日通过仙居县慈善总会向湖北省慈善总会首期捐赠人民币100万元，定向用于武汉抗击疫情所需。"	2020-02-06 22:37:00
道指高开近百点 特斯拉股价跌破700美元关口	"凤凰国际iMarkets2月6日讯，标普500指数开盘上涨9.80点，涨幅0.29%，报3344.49点；纳斯达克指数开盘上涨28.10点，涨幅0.30%，报9536.79点；道琼斯指数开盘上涨98.90点，涨幅0.34%，报29389.77点。
推特开盘涨逾10%，第四季度营收好于预期；特斯拉跌逾5%，股价跌破700美元关口，较历史高位回落约30%。
(image_address=""https://x0.ifengimg.com/ucms/2020_06/4D35442942BFE5CE657991148162563874731335_w500_h333.jpg"")
重点关注个股
推特开盘涨逾10%，第四季度营收好于预期；特斯拉跌逾5%，股价跌破700美元关口，较历史高位回落约30%。
其他市场
美、布两油震荡下行，布伦特原油跌1%，报54.74美元/桶，WTI原油跌0.24%，报50.63美元/桶。
现货黄金现报1567.00美元/盎司，涨0.71%；COMEX黄金期货现报1570.60美元/盎司，涨0.50%。"	2020-02-06 22:36:12
减房租、延社保、减贷款利率，拯救中小企业，各地政府在行动	"原标题：一波重磅措施来袭！减房租、延社保、减贷款利率，拯救中小企业，各地政府在行动
“这条小鱼在乎！”男孩一边回答，一边拾起一条鱼扔进大海。“这条鱼也在乎，还有这一条，这一条，这一条……”
疫情来临，中小企业就像被暴风雨卷上岸的小鱼，围在浅水洼里，回不了大海，虽然近在咫尺，但用不了多久，水洼的水被太阳晒干，这些小鱼也危在旦夕。
2020年伊始，一场疫情席卷而来，在举国上下共抗疫情之际，令人暖心的扶持中小企业的政策相继出台，帮助企业渡过难关。
(image_address=""https://x0.ifengimg.com/ucms/2020_06/31370BB8684E08818F0874583C148B224447B399_w830_h470.jpg"")
来源：北京市政府网站
多地政府出手扶持中小企业
2月5日，北京市政府印发《关于应对新型冠状病毒感染的肺炎疫情影响促进中小微企业持续健康发展的若干措施》，切实减轻疫情对中小微企业生产经营影响，帮助企业共渡难关。
“停征部分行政事业性收费、减免中小微企业房租、进一步增加信贷投放、优化融资担保服务、拓宽直接融资渠道、降低企业融资成本……”相比两天前，北京市出台的19项重磅措施，这份“大礼包”更细化、力度更大。
2月3日，北京市出台19项重磅措施，支持打好新冠肺炎疫情防控阻击战。其中强调，对因受疫情影响经营暂时出现困难但有发展前景的企业不抽贷、不断贷、不压贷，为相关企业做好续贷服务，努力做到应续尽续、能续快续。
不仅北京，上海也连续出台扶持企业的政策。
2月6日，上海市政府发布《致全市各企业书》指出，为保障企业正常经营秩序，上海将针对当前需求，出台扶持企业的综合政策，支持企业发展，减轻企业负担。
此前的2月3日，上海市人社局公布实施失业保险稳岗返还政策、延长社会保险缴费期等减负举措。
(image_address=""https://x0.ifengimg.com/ucms/2020_06/F8505654445AB0B169723F8D12030CED9CBC88CC_w1080_h584.jpg"")
来源：苏州市政府网站
其实，从2月2日开始，继央行、财政部、银保监会、证监会、外汇局五部委推出30条金融举措后，苏州、宁波、上海、北京、深圳、佛山、青岛、广州、四川、浙江、山东、吉林等多省市相继出台一系列重磅政策，通过加大减负支持力度、加大金融支持力度、加大财税支持力度和加大稳岗支持力度等手段，扶持中小企业共克时艰。
延缴相关费用让企业“喘口气”
中国证券报记者发现，尽管多地都提出减免或推迟缴纳社保、税收等相关费用，但在具体延缴纳期限上的决定不尽相同。
苏州：对确有特殊困难而不能按期缴纳税款的企业，由企业申请，依法办理延期缴纳税款，最长不超过三个月。
上海：在向上海市社保经办机构报备后，不收取滞纳金，不影响参保职工个人权益记录，相关补缴手续可在疫情解除后3个月内完成。
北京：将1月、2月应缴社会保险费征收期延长至3月底，对于旅游、住宿、餐饮等受影响较大的行业企业，可将疫情影响期间应缴社会保险费征收期延长至7月底。
南京：经相关部门快速认定，可缓交养老保险费至疫情结束后6个月，所欠缴养老保险费在疫情解除一年内缴清，免除滞纳金。
广东：用人单位无法按时缴纳企业职工养老保险费、失业保险费、工伤保险费的，可延期至疫情解除后三个月内缴费，期间不加收滞纳金。
重庆：对符合重庆市缓缴条件的，允许企业缓缴期限最长可至1年。
浙江：延期缴纳税款由企业申请，依法办理延期缴纳税款，最长不超过3个月。按规定批准后，可缓缴社会保险费，相关补缴手续可在疫情解除后3个月内完成。
海南：没有规定具体期限，其相关措施中指出，对确有特殊困难而不能按期缴纳税款的中小企业，由企业申请，依法办理延期缴纳税款。
各地国有物业最贴心
带头免租、减租
除了社保、税收等费用的缴纳，租金也是中小企业经营成本中占比较大的一环，各地国企物业带头免租、减租，以减轻企业负担。
北京：鼓励大型商务楼宇、商场、市场运营方对中小微租户适度减免疫情期间的租金，各区对采取减免租金措施的租赁企业可给予适度财政补贴。
河北：承租国有资产类经营用房的餐饮住宿百货业中小企业免收此类中小企业1个月房租，免半收取2个月房租。
山东：承租国有企业经营性房产的中小企业，该类企业可以减免或减半征收1-3个月的房租。
江西：对承租国有资产类生产经营用房的企业，1个月房租免收、2个月租金减半。
福州：对承租国有资产类经营用房的中小微企业以及个体工商户，2020年2月份房租免收，3月份、4月份房租减半。
珠海横琴新区：承租国有资产物业从事经营活动的企业，可免交2020年第一季度的租金，物业管理费减半缴交。
广州：对租用区属国企经营用房的企业，免收1个月房租、减半2个月房租。
减低融资成本助企业“渡难关”
在中小企业面临的诸多难题中，融资问题也相对突出。多地都提出减低贷款利率，不抽贷、不断贷、不压贷，助受困企业“渡难关”。
2月3日，浙江湖州出台支持企业健康发展的八条意见，鼓励各银行机构在原有贷款利率水平基础上下浮10%以上，市级政策性担保公司在原有担保费率基础上下浮30%以上，2020年度全市银行机构减免企业转贷成本及服务项目收费2亿元以上。
同日，青岛出台18条政策措施，其中提出，推动2020年普惠小微贷款综合融资成本再降0.5个百分点。
2月4日，宁波出台十八条意见，其中提到，对2020年宁波疫情防控重点保障企业新增贷款按人民银行再贷款利率的50%给予财政贴息，贴息期限不超过1年。
2月4日，深圳福田区出台企业扶持新政，在2020年2月1日至7月31日期间，获得银行等金融机构新增贷款的企业，按6个月贷款实际支付利息的50%，给予总额最高20万元的贴息支持。
2月4日，安徽铜陵率先在全省出台政策，为有发展前景但受疫情影响暂遇困难的小微企业，贷款利率在原有基础上下浮不低于10%。
2月5日，浙江出台17条政策，其中在金融支持面，力争2020年普惠小微贷款综合融资成本降低0.5个百分点左右。
2月5日，江西出台20条措施，其中在央行专项再贷款支持金融机构提供优惠利率信贷、中央财政按人民银行再贷款利率的50%给予贴息的基础上，省财政统筹资金再给予25%的贴息支持，贴息期限不超过1年。"	2020-02-06 22:32:24
中铝集团捐款3000万助力抗击疫情	"目前，在新型冠状病毒感染肺炎疫情防控关键时期，中铝集团深入贯彻落实习近平总书记重要指示精神和党中央、国务院疫情防控工作一系列重要部署，积极履行中央企业社会责任，29日，中铝集团向疫情防控一线捐款3000万元人民币用于抗击新型冠状病毒感染肺炎疫情，助力打赢疫情防控阻击战。
自新型冠状病毒感染肺炎疫情发生以来，中铝集团党组高度重视，将疫情防控作为当前工作的重中之重，周密部署、精心安排，抓好疫情防控各项工作，秉持“生命重于泰山，疫情就是命令，防控就是责任”的原则，研究部署全力做好集团疫情防控工作。
关注同花顺财经（ths518），获取更多机会
(function(){var obj = null;if(document.getElementById('arctTailMark')) {obj = document.getElementById('arctTailMark');}if(obj!=null){var str = '(image_address=""http://i.thsi.cn/images/article/logo.jpg"")  返回首页';var showed = 0;try{var oo = obj.previousSibling;while(oo.nodeType!=1 || oo.innerHTML.replace(/\s|\u3000/g,'').length==0){oo = oo.previousSibling;}if(oo.nodeType==1 && oo.tagName.toLowerCase()=='p') {var span = document.createElement('span');span.innerHTML =str;oo.appendChild(span);showed = 1;}}catch (e){}if(showed == 0){obj.innerHTML =str;}}})();
责任编辑：cjh"	2020-02-06 22:32:00
索菲亚：拟对重疫情区域优质经销商开展专项援助	"中证网讯（记者 万宇）索菲亚（002572）2月6日晚间公告称，新型冠状病毒感染的肺炎疫情对各地实体经营产生了一定的影响，为积极承担社会责任，响应公司一贯坚持的“长期稳定、合作共赢的合伙伙伴关系”，公司董事会决定对身处疫情区域的优质经销商实施专项援助，对身处疫情严重区域的优质经销商可享受公司提供的赊销政策，援助计划涉及的经销商赊销信用额度，在公司合并报表范围内，在任意连续12个月内累计不超过3亿元。
公司在公告中表示，上述赊销信用额度占公司2018年经审计的总资产的比例为不超过3.84%，占2018年经审计的净资产的比例为不超过6.21%；占2019年净资产（未经审计）的比例为不超过5.52%。公司2018年末和2019年末账面货币资金及一年内到期保本理财余额合计为26.20亿元和24.97亿元。本次援助计划涉及的信用额度于任意连续12个月累计不超过3亿元，不会影响公司正在实施的现金分红政策，也不会对公司现有的 在进行的投资项目、大宗工程业务造成影响。公司的持续经营能力及长期发展不会受到本次信用额度政策的影响。安排本次援助计划是公司积极落实履行上市公司社会责任的表现，有助于行业生态的可持续健康发展。"	2020-02-06 22:29:00
董事长兼总经理一人拍板！一单意向性重组计划，带来6涨停板！啥情况？	"(image_address=""https://x0.ifengimg.com/ucms/2020_06/E4CAE91A935A0BD5EC62DA2D45B6E0CC63DBD064_w900_h500.jpg"")
一单意向性重组计划，带来6个涨停板，竟由董事长兼总经理一个人拍板！三五互联这场任性重组的开年大戏，远比K线图精彩。
三五互联5日晚间披露的公告，解密了本次收购的主导者。作为三五互联的实际控制人，龚少晖既不是董事长，也不是总经理，却一手策动了本次收购方案，甚至直接要求上市公司签下协议。对此持有异议的时任董秘、财务总监及证券事务代表，当晚就辞职。
与此同时，三名独立董事则对本次收购计划一无所知，在公告披露后才知晓，只得发函要求公司予以解释说明。
更蹊跷的是，在公司股价一飞冲天之前，龚少晖刚刚做好了减持安排，质押比例高达99.746%的风险也因此迎刃而解。
减持安排+策动重组，贴靠的又是热门的网红概念，这单明显带有一揽子交易痕迹的资本运作，引得交易所发出“是否属于忽悠式重组？”“是否违规？”“公司治理是否有效？”等一连串的考问。
一言不合，董秘和财务总监辞职
1月22日，三五互联披露拟筹划重大资产重组的提示性公告，公司拟以发行股份及/或支付现金的方式，收购萍乡星梦工厂科技合伙企业（有限合伙）及其合作伙伴持有的上海婉锐全部或部分股权。
资料显示，上海婉锐经营范围包括利用自有媒体发布广告，文化艺术交流策划，公关活动组织策划，展览展示服务，会务服务。
这是一家MCN机构，其推出的“网星梦工厂”平台专注于网红IP孵化，是当下最热门的“网红”概念。
(image_address=""https://x0.ifengimg.com/ucms/2020_06/13392F2CACFB676C35819EE24A28EBD986E6F6D9_w800_h349.jpg"")
二级市场心领神会，闻风而动。1月22日至今的6个交易日，三五互联股价日日录得涨停，最新收盘价为11.26元/股，股价累计上涨了逾70%。
(image_address=""https://x0.ifengimg.com/ucms/2020_06/00DA038C681436350252AD1ACF1E6F4A400AA669_w800_h1416.jpg"")
然而，如此重大且对二级市场影响巨大的资产重组计划，竟然都没通过公司董事会审议。
匪夷所思的是，公司在5日晚回复交易所问询时透露，时任公司董秘、财务总监在了解该收购方案后提出不同意见，结果当晚就选择了辞职。
据公告披露，1月21日，龚少晖协调上海婉锐管理层与丁建生及时任董秘、财务总监会谈，并要求签署《重大资产重组意向协议》。
时任董秘、财务总监认为要对标的公司进一步尽调，才能确定是否推进该交易。当晚，二人就宣布辞职。
此后，董事长兼总经理丁建生一人决策，签署了上述协议。公告则通过直通车迅速发了出去。
(image_address=""https://x0.ifengimg.com/ucms/2020_06/A1D3DAFAEB3B6910F42F96B83BE098701B4ED7C3_w800_h354.jpg"")
“一个人决策”的三五互联，引来交易所关注函：“是否属于忽悠式重组？”
(image_address=""https://x0.ifengimg.com/ucms/2020_06/01B63CF08569510D8B69471625427ED217A409DE_w800_h135.jpg"")
三位独董懵圈，问“啥情况”
更加离谱的是，丁建生在作出上述重大决策之时，甚至都没考虑让董事会其他成员过个目。
1月22日，三五互联披露了此次筹划重组提示性公告，公司三位独董后来在公开渠道才看到消息，对此一无所知，遂向上市公司发函要求说明情况。
(image_address=""https://x0.ifengimg.com/ucms/2020_06/D5C7C4268D16E730D19AD4492DEB6EFF33760530_w800_h215.jpg"")
对此，三五互联解释称，该交易属于重大事项需保密，所以没有事先告知独董，而原董秘已经离职，相关人员对信披业务不熟悉，没能及时停牌。
(image_address=""https://x0.ifengimg.com/ucms/2020_06/B3450192CBC327EAD6B7E40C26762FCF1249AD68_w800_h175.jpg"")
这种解释颇为荒唐，既然时任董秘、财务总监都反对，并用离职来表达抗议，为何三五互联还一意孤行要推进本次重组？
另外，身为董事长、总经理的丁建生，真的连最基本的信息披露规则都不了解吗？
“垂帘”老板，任性决策
解铃还须系铃人。一切的疑问最终要从此次交易的推动者——龚少晖身上找答案。
对于龚少晖在此次交易中的作用，三五互联是这样描述的：“1月15日，经介绍人推荐，……龚少晖先生接触了解标的公司（即上海婉锐）的基本情况……与标的公司通过几日电话沟通后……1月21日，龚少晖先生协调标的公司管理层……与公司……会谈沟通……实际控制人及标的公司要求公司……于2020年01月21日签署《重大资产重组意向协议》……”
(image_address=""https://x0.ifengimg.com/ucms/2020_06/B0C748B31D705156843534820A87E16E7AAD56EB_w800_h605.jpg"")
明显可以看出，整个过程就是：龚少晖就是给上海婉锐打了几通电话，第一次见面就要求上市公司签协议。这位实际控制人确实有有眼光有霸气，一下就看中了收购方，并直接安排上市公司启动方案了。
其实，龚少晖除了是三五互联实际控制人，根本没有其他相关职务，既不是董事长，也不是总经理，本应交出的“法定代表人”，也没有履行。
2019年8月，三五互联选举新一届董事会，龚少晖不再担任公司董事长、总经理，按照《公司章程》：“公司董事长为公司法定代表人”，上市公司向龚少晖发出办理变更法定代表人的通知，可龚少晖因筹划股权转让，直至目前仍未办理相关手续。
“神操作”背后有何算盘？
一边计划转让股份，一边还给上市公司安排重组标的，这种看似有悖常理的操作，背后是龚少晖的“如意算盘”。
今年1月10日，龚少晖签订协议，拟将其持有的上市公司1900万股股份（占总股本的5.196%）在满足转让条件的前提下转让给财达证券5号集合资产管理计划（下称“财达5号”）。
同时，龚少晖将该1900万股股份对应的表决权、提名权、提案权、参会权、监督建议权等权利，在转让协议正式签署前委托给财达证券，并将另外1400万股股份（占总股本的3.828%）对应的同等权利委托给财达证券。
彼时，交易所就下发问询函，要求龚少晖就上述减持意向协议说明情况。
(image_address=""https://x0.ifengimg.com/ucms/2020_06/064A86202EAA42EE31DB5807B60A3B4F4FD418F6_w800_h1083.jpg"")
需要特别关注的是，龚少晖彼时面临高质押问题，其持有的三五互联1.383亿股股份（占公司总股本的37.815%），已经质押了1.379亿股，质押比例高达99.746%！
减持计划安排妥当，龚少晖大大方方地走进厦门三五互联大厦，上演了霸气火速签重组协议的一幕，三五互联的股价“顺势”扶摇直上。股权质押风险警报，就这么轻而易举解除了！
不得不问一句：“我说了算”的任性节奏是挺震撼，可上市公司的合规性摆哪里了？
编辑：吴正懿"	2020-02-06 22:28:35
交通运输部：严禁各地出台“土政策”阻碍应急物资调运	【交通运输部：严禁各地出台“土政策”阻碍应急物资调运】在国务院联防联控机制发布会上，交通运输部新闻发言人、运输服务司副司长蔡团结表示，严禁各地出台“土政策”阻碍从本地调运应急物资；严禁各地违规设卡，阻碍应急物资运输车辆通行，全力保障各类应急物资运输的畅通高效。这里我也再强调一点，各地要严格落实短期运送物资司机原则上无需隔离的规定，在各地卫生检验卡口增加防疫检测力量，采用复式检测提高效率，减少车辆排队和拥堵。	2020-02-06 22:28:27
高新兴5G测温巡逻机器人在杭州隔离医院应用落地	中证网讯（记者 万宇）中国证券报记者2月6日从高新兴（300098）了解到，公司下属参股公司联合杭州移动在浙江大学医学院附属第一医院城站分院，快速部署了一套基于5G的测温巡逻机器人系统，用于红外测温筛查及防控指挥，助力浙一医院防控工作，全力支持浙江省抗击新型冠状病毒感染的肺炎疫情。据介绍，该机器人由高新兴下属参股公司高新兴机器人公司自主研发。	2020-02-06 22:27:00
口罩奇缺国家队驰援！中国石化筹建生产线：“我有熔喷布 谁有口罩机？”	"口罩紧缺之下，国家队出动了。中国石化（600028.SH）正寻找口罩机紧急开建口罩生产线。
2月6日下午，中国石化官方微博发布消息，中国石化易派客（中国石化旗下电子商务网站）正寻找口罩机：“1.我们需要口罩机。您若有富余、可用的设备，可转让给我们，我们将协调生产、增产口罩。
2.我们有熔喷布，您若缺此原料，我们可运输上门。增产的口罩，我们可全部收购支持湖北抗疫一线，也可支持企业所在的地方防疫抗疫。”
截至发稿，该条微博上的联系方式经过了编辑，改为“已联系到几家厂商，感谢大家！”
(image_address=""https://x0.ifengimg.com/ucms/2020_06/4D87B71A40368A04AB61FC555A64C49A9157F7A1_w700_h576.jpg"")
21世纪经济报道记者2月6日亦获悉，受国务院国资委委托，中国石化要建口罩生产线，发挥生产原材料的优势。中国石化物资装备部正在寻找口罩机现货、2-3天能产成的、或一周之内能制造完成的口罩机、生产线。
记者2月6日晚间从接近中国石化人士处了解到，已有联系到相关缺熔喷布的口罩生产厂家和口罩机生产商，口罩机现货正在寻找中。
据中国石化官微，中国石化本月将加紧生产近10万吨医卫原料。“进入2月以来，中国石化已向市场投放聚丙烯等医卫原料1.5万吨，预计二月份还将继续向各大医卫材料客户保供生产原料约8万吨。针对疫情防治中用到的口罩、注射器等聚丙烯化工产品原料，中国石化及时调整生产计划，1、2月份安排医用牌号合成树脂16万吨，同比增产4.5万吨。同时，安排江汉盐化工满负荷生产，尽最大努力支持国内市场消毒液的原料供应。”
据了解，“熔喷布”俗称口罩的“心脏”，是口罩中间的过滤层，具有很好的过滤性、屏蔽性、绝热性和吸油性，是生产口罩的重要原料。熔喷布和其他无纺布的原料是聚丙烯，这一化工原料主要由中国石油、中国石化提供。
中国石化是口罩产业链上游聚丙烯这一化工产品原料的重要供应商，旗下也有化工厂生产熔喷布，目前正寻找口罩机组建口罩生产线。"	2020-02-06 22:24:42
曾对华53种商品加收费用！中国买家减购后，巴西大豆出口量下跌	"2019年国际经贸形势并不稳定，多国进出口货物都难免受到影响，不过中国仍然在2019年取得了货物贸易进出口总值达31.54万亿元人民币、增长3.4%的好成绩。
(image_address=""http://e.thsi.cn/img/a01637aa5ff50dd"")
巴西大豆因此受益，开始大量出口到中国市场，一度占据了中国大豆市场近75%的份额，不过巴西一方面对中国大量出口大豆等农产品赚得盆满钵满的时候，却又数次对中国商品加收进口费用。
据证券时报网2月5日报道，巴西外贸委员会经过调查后，在保护该国市场利益的前提下，决定继续对原产于中国的陶瓷餐具收取进口额外费用，费率为1.84-5.14美元/公斤，时效为5年。加上1月的尼龙纱线和摩托车轮胎，巴西在两个月里就三次对中国商品出售。
除此之外，据不完全统计，在近几年时间里，巴西共计对中国53种商品做出过类似举动。有分析称，巴西对华商品的多次收费举动，可能会给巴西大豆出口中国带来一些考验。
据中国粮油信息网报道，2020年1月份巴西大豆出口量为150万吨，低于12月份的344万吨，主要原因正是中国买家减少了巴西大豆的进口，同时，随着世界两大经济体签署贸易协议，巴西也开始担心中国买家会去购买美豆。巴西农业咨询机构Agroconsult表示，一旦贸易协议达成，那么2019/20作物年度巴西对中国大豆出口可能从2018/19年度的6000万吨降至5300万吨。
(image_address=""//comment.10jqka.com.cn/sourcepic/12/vfDKrsr9vt0tsay.png"")此前曾提及，最近两周时间里，中国买家购买了16船美豆。据美国农业部发布的出口检验周报显示，截至2020年1月30日的一周，美国对中国装运55.25吨大豆，相当于8艘巴拿马型号货轮装运的大豆数量，前一周美国对中国大陆装运55.07吨大豆，相当于8船大豆。
不过美国农业却还面临着两大难题，因为随着中国买家的购买，美豆涨价了。数据显示，2月3日芝加哥期货交易所(CBOT)大豆期货收盘上涨，2020年3月交割的大豆期约上涨0.37%，收盘价872.46美分/蒲式耳，约合320.5美元/吨，2月5日继续上涨到了880美分/蒲式耳。
在买家加大购买后坐地涨价的行为在商界里其实还是颇为人诟病，毕竟巴西大豆、牛肉的前车之鉴就摆在这里。2019年一度占据中国近75%大豆供应市场后，巴西大豆价格曾有高达70%的涨幅，直接后果就是现在中国买家转向了北美大豆，还有巴西牛肉也因为涨价过大遭到了中国买家的退货。
(image_address=""http://e.thsi.cn/img/a9a0ff10b3ce1bde"")
据媒体报道，上月底，巴西表示有部分中国牛肉进口企业试图和巴西生产商“重谈价格”，这导致从巴西来的数十批货物滞留中国港口，因为这批牛肉价格上涨幅度过大，部分中国买家不得不拒绝付款。
除此之外，美国农业还面临着另一难题，美国似乎把农产品出口的希望都放在了中国市场，连实行了两年的280亿美元农业补贴也要暂停了，但在农业补贴存在的2019年里，美国农场依然激增20%，达到595个，创下8年来新高，这让人难以想象，要是美国取消补贴，美国农业是否能够保证有足够的农产品出口。
关注同花顺财经（ths518），获取更多机会
(function(){var obj = null;if(document.getElementById('arctTailMark')) {obj = document.getElementById('arctTailMark');}if(obj!=null){var str = '(image_address=""http://i.thsi.cn/images/article/logo.jpg"")  返回首页';var showed = 0;try{var oo = obj.previousSibling;while(oo.nodeType!=1 || oo.innerHTML.replace(/\s|\u3000/g,'').length==0){oo = oo.previousSibling;}if(oo.nodeType==1 && oo.tagName.toLowerCase()=='p') {var span = document.createElement('span');span.innerHTML =str;oo.appendChild(span);showed = 1;}}catch (e){}if(showed == 0){obj.innerHTML =str;}}})();"	2020-02-06 22:22:01
泸州老窖：五大举措做好复工复产 坚决完成2020年发展目标	"中证网讯（记者 康曦）2月6日中国证券报记者从泸州老窖（000568）获悉，2月4日公司召开党委成员及经理层会议，专题研究部署复工复产及稳定市场销售相关问题。会议重点分析了疫情对市场销售的影响，研究了确保销售体系正常复工、稳定销售渠道等措施。泸州老窖表示，公司将采取有力措施，科学做好疫情防控，及时应对市场变化，全力支持广大经销合作伙伴将疫情影响减至最小，携手完成2020年各项发展目标。
会议指出，泸州老窖将采取五大措施做好复工复产工作。具体来看，对于销售片区的员工，根据目前所在区域，就地上班，不交叉流动；对于酿酒生产、技改项目及后勤保障体系的在泸员工，在能保障产能的情况下有序复工；对于职能部门的员工，会议鼓励在家办公、安排错峰办公，减少人员集聚，采取轮班制并固定每次轮班的人员；根据实际情况对此阶段因客观原因未参加工作的员工，进行调班安排；对于从外地返泸员工的人数、隔离方式等信息，要按相关要求及时报送上级主管部门。
同时，泸州老窖销售体系也提出了“三不变，三加强”的应对策略，全力以赴做好疫情之年销售攻坚。“三不变”是指战略不变、目标不变、任务不变；“三加强”是指加强销售攻坚、加强营销创新、加强支撑保障。面对当前严峻的疫情防控形势，以及日益激烈的市场竞争，泸州老窖全体员工意识到必须保持头脑清醒、态度坚决，坚持既定目标不动摇，坚决快速开展销售攻坚。
此外，在对抗疫情方面，泸州老窖反应迅速、主动担当。1月27日，公司紧急召开临时董事会会议，通过了捐赠2000万元医疗防护装备及现金的议案。1月25日深夜以泸州老窖香港国际发展公司为主体紧急发动全球合作伙伴在海外展开防疫物资采购工作。首批国内急需的口罩、防护服和抗病毒药品等疫情防控物资已于1月29日运抵成都。
目前，泸州老窖正积极协调全球资源持续开展疫情防控物资的采购工作及抢运工作，采购物资涉到全球十几个国家，已紧急采购了160多万个口罩、6万多套防护服、50多万副防护手套、2000多套手术服、2000多副护目镜和2000多瓶抗病毒药品，以及其他一大批疫情防控应急物资，并动用一切力量、克服困难抢运回国。据悉，第二批、第三批物资也已陆续运抵国内。"	2020-02-06 22:19:00
晚间公告热点追踪：永太科技收到吉利德业务询盘	"炒股就看金麒麟分析师研报，权威，专业，及时，全面，助您挖掘潜力主题机会！
重组与增发
【数据港：拟筹划发行股份融资事项】经公司自查，数据港拟筹划发行股份融资事项。本次拟筹划的发行股份融资方案尚处于前期筹划阶段，融资规模、发行方式等具体细节尚未确定，存在重大不确定性。除此之外，公司不存在其他应披露而未披露的重大信息。目前公司生产经营活动一切正常。
重大事项
【中航资本：全资子公司拟发行不超过7亿美元境外债券】公司全资子公司中航资本国际新设境外全资SPV公司拟一次或分期发行不超过7亿美元等值的境外债券，发行期限不超过10年。
【新城控股：新城环球完成在境外发行总额为3.5亿美元的债券】2月6日，新城控股境外子公司新城环球完成在境外发行总额为3.5亿美元的无抵押固定利率债券，并获得新加坡证券交易所的原则性上市批准，相关债券已于2020年2月6日在新加坡证券交易所上市。
投资与经营
【立思辰：推出部分举措 落实“停课不停学”方案】立思辰及时推出部分举措，切实落实“停课不停学”方案：公司旗（金麒麟分析师）下豆神大语文在疫情期间，线下课程（王者班、常规班、1v1面授课）全部由系统自动导入线上直播课程，保证学员学习不受影响；向全国中小学生免费提供部编版语文“春季同步学”线上系列课程。
【高乐股份：旗下教育平台为各学校提供在线学习、同步课堂互动直播服务】为保证防控疫情期间中小学校“停课不停学”，为此高乐股份旗下教育平台高乐云、异度云迅速做出安排，为各学校提供在线学习、同步课堂互动直播服务以及完备的平台、技术、设备支撑，为公司所服务教育区域提供更好的技术支持和保障，保障学生停课不停学。
【真视通：免费开放旗下产品云视频协作平台直至疫情结束】近期因武汉及全国各地发生新型冠状病毒肺炎疫情，作为信息技术与多媒体视讯综合解决方案和服务提供商，真视通启动了紧急援助项目，为政府、央企等合作单位应急场所提供保障措施。同时，公司面向中国用户免费开放旗下产品云视频协作平台直至疫情结束，助力众多中小企业居家办公。另外，公司于2020年2月4日入围中关村管委会发布的首批抗击疫情的新技术新产品新服务清单。
【会畅通讯：面向所有单位提供100方的云视频会议免费使用账号 直至疫情结束】疫情防控期间政府和企业大力倡导远程办公、电视电话会议模式，会畅通讯在云视频业务方面主要提供云视频会议、在线教育服务。截至目前，公司积极响应客户远程办公协助、教育、医疗、视频会议等垂直场景需求，并面向所有单位提供100方的云视频会议免费使用账号直至疫情结束的服务。上述事项尚未对公司业绩产生重大影响。
【永太科技：已收到吉利德关于相关抗病毒药物高级中间体的业务询盘】永太科技已收到吉利德关于相关抗病毒药物高级中间体的业务询盘，双方正在洽谈合作事宜，但本次是否能达成合作尚存在不确定性，且下游客户在研药物的临床试验和药品获批存在不确定性且需要一定的时间。截至目前上述事项尚未对公司业绩产生重大影响，未来可实现的业务规模尚存在不确定性。
【人福医药：公司没有盐酸阿比多尔、达芦那韦制剂的生产批件】人福医药子公司医药研究院仅持有关于盐酸阿比多尔制备相关的专利，但截至目前尚未开展生物等效性实验也未生产。经自查，公司及下属控股子公司没有盐酸阿比多尔、达芦那韦制剂的生产批件，也未开展达芦那韦制剂的研发项目。子公司人福湖北根据湖北省新型冠状病毒感染肺炎疫情防控指挥部的委托进行防控应急物资的采购配送。该事项不会对公司2020年度经营业绩产生重大影响。
【千金药业：利巴韦林颗粒的销售对公司业绩未产生重大影响】千金药业子公司千金湘江药业于2015年10月获得盐酸阿比朵尔片的临床批件，但至今未获得生产批件。目前公司没有该产品的生产及销售，对公司业绩没有影响。千金湘江药业的产品利巴韦林颗粒2018年度营业收入4564万元，占公司营业收入的1.37%；2019年1-3季度营业收入2307万元，占公司营业收入的0.88%。当前该产品的销售对公司业绩未产生重大影响。
【溢多利：公司有多个糖皮质激素原料药】根据国家卫生健康委员会与国家中医药管理局联合发布的《新型冠状病毒感染的肺炎诊疗议案（试行第四版）》，糖皮质激素可作为应对重症的治疗用药。溢多利的产品中包含呼吸和免疫系统用药原料药，主要产品有醋酸泼尼松、泼尼松龙、氢化可的松、倍他米松等多个糖皮质激素原料药。在医用防护领域，公司工业酶产品中的糖化酶、淀粉酶主要用于发酵生产酒精，也是生产酒精必要原材料。
【海王生物：下属子公司有生产利巴韦林注射液】根据国家卫生健康委员会于2月5日在其网站披露的《关于印发新型冠状病毒感染的肺炎诊疗方案（试行第五版）的通知》，将药品利巴韦林作为治疗推荐用药。海王生物下属子公司福州海王福药制药有生产利巴韦林注射液，2018年度、2019年度福州海王福药制药有限公司该药品的销售额分别约为120万元和103万元。公司将积极响应防疫需求组织生产。
【信邦制药：子公司合作研发新型冠状病毒肺炎酶免（ELISA）检测试剂盒】信邦制药全资子公司中肽生以及康永生物近日与嘉兴行健生物科技有限公司签订了《合作协议》。双方共同合作研究开发新型冠状病毒肺炎酶免（ELISA）检测试剂盒，研发成果双方共享。嘉兴行健是国际知名的酶联免疫法及国际创新型的磁微粒-吖啶酯全自动化学发光法的领导者。
【均胜电子：子公司成为特斯拉中国Model3和ModelY车型的供应商】均胜电子子公司临港均胜安全于近日收到特斯拉中国的定点意向函，正式确定临港均胜安全为特斯拉中国Model3和ModelY车型的供应商，据特斯拉中国预测，国产Model3和ModelY的年总产量约为30万辆，目前按照上述年产量核算，该项目新增订单总金额约15亿元，临港均胜安全将于2020年开始逐步为其供货，订单生命周期约为3~5年。
【银轮股份：已通过特斯拉质量体系认证 正推进多个热管理项目的业务合作】银轮股份目前已通过特斯拉质量体系认证，双方正在积极推进多个热管理项目的业务合作，截止公告日尚未取得正式的项目定点通知书。
【华达科技：预计公司2020年特斯拉相关营收约1亿元 对业绩影响较小】华达科技2019年5月正式成为特斯拉供应商，为特斯拉提供车身冲压件产品。目前，公司已与特斯拉签署了Model 3、Model Y等车型的供货合同。近期，公司已开始向特斯拉供货，根据公司已中标产品及特斯拉目前产能测算，预计公司2020年特斯拉相关营业收入约1亿元，约占公司2019年营业收入的2.50%，对公司2020年经营业绩影响较小。
【*ST电能：子公司取得武器装备科研生产备案凭证】*ST电能全资子公司空间电源于近日收到天津市国防科技工业办公室颁发的《武器装备科研生产备案凭证》。由于空间电源取得武器装备科研生产备案凭证后能否享受军品免增值税政策取决于相关部门政策出台及落实情况，存在不确定性。
【富煌钢构：中标15亿元重大合同 占2018年营收42%】富煌钢构当日收到《中标通知书》，确定公司为江苏德龙镍业有限公司-印度尼西亚Morowali巨盾镍业项目钢结构制作工程项目（一期）的中标人，中标金额共计15亿元，占公司2018年度营业收入的42.47%，预计将对公司2020-2021年的经营业绩产生较为积极的影响。
【恒林股份：公司及子公司通过高新技术企业重新认定】公司及子公司恒宜家具、恒友科技通过高新技术企业认定，连续三年（2019 年、2020 年、2021 年）可按15%的税率缴纳企业所得税。
【浙江医药：药品通过仿制药一致性评价】国家药品监督管理局批准药品诺氟沙星片（0.1g）通过仿制药质量和疗效一致性评价，同意该药品变更处方工艺以及修订质量标准，这将有利于该药品未来的市场销售和市场竞争。
【万邦德：子公司药品氯氮平片通过仿制药一致性评价】万邦德全资子公司万邦德制药于近日收到国家药品监督管理局关于氯氮平片的《药品补充申请批件》，通过仿制药质量和疗效一致性评价。氯氮平片主要适用症为难治性精神分裂症，其属于国家医保目录甲类品种（2019版）和基本药物目录品种（2018版）。截至目前，万邦德制药氯氮平片系国内第二家通过一致性评价。
【环旭电子：2019年净利同比增6.98%】2019年度，环旭电子实现营收372亿元，同比增长10.89%；实现净利12.62亿元，同比增长6.98%。
【荣盛发展：1月份签约金额50.34亿元 同比增8.37%】2020年1月，荣盛发展实现签约面积50.17万平方米，同比增长38.67%；签约金额50.34亿元，同比增长8.37%。
【中远海科：2019年净利同比增16%】2019年度，中远海科实现营收12亿元，同比增长22.82%；实现净利9664万元，同比增长16%。
【乐凯新材：2019年净利同比增4.73%】2019年度，乐凯新材实现营收2.79亿元，同比增长5.34%；实现净利1.08亿元，同比增长4.73%。
【山西汾酒：2019年净利同比增37.64%】2019年度，山西汾酒实现营收119亿元，同比增长26.57%；实现净利20.24亿元，同比增长37.64%。
【沃森生物：2019年净利同比降86%】沃森生物2019年度实现营收11.21亿元，同比增长27.55%；净利为1.45亿元，同比下降86%。
增持与减持
【金陵饭店：控股股东增持45万股 拟增持不超5000万元】金陵饭店控股股东金陵饭店集团2月5日增持45万股，计划于2月5日起6个月内增持不低于1500万元，不高于5000万元。
【科融环境（维权）：董事长拟增持100万元至200万元】科融环境董事长毛军亮计划6个月内增持不低于100万元，且不超过200万元。
【常铝股份：控股股东拟减持不超3%股份】常铝股份控股股东铝箔厂因偿还购买上市公司再融资股权质押贷款的资金需求，拟6个月内减持不超2387万股，即不超过公司总股本的3%。
【天铁股份：实控人拟减持不超2%股份】天铁股份控股股东、实际控制人王美雨女士计划15个交易日后的六个月内以集中竞价交易方式减持本公司股份不超过3，634，260股，即不超过公司股份总数的2%。
【龙大肉食：持股5%以上的股东拟减持2%股份】公司持股5%以上的股东伊藤忠中国拟自2020年2月28日至2020年6月27日期间，减持数量不超过公司总股本的2%，即19，976，034股，且在任意连续90个自然日内通过集中竞价交易方式减持数量不超过公司总股本的1%。
【会畅通讯：股东减持1.48%股份】公司股东彭朴合计减持公司股份2，583，320股，占公司总股本的1.48%，减持后不再持有公司股份。
【志邦家居：股东及董监高拟减持0.5%股份】公司高管刘国宏拟自2020年2月28日起至2020年8月26日期间，通过集中竞价方式减持其所持公司无限售条件流通股不超过1，000，000股（含），占公司总股本的0.448%，占其持有的无限售条件流通股总数的24.64%；监事解明海拟减持其所持公司无限售条件流通股不超过330，000股（含），占公司总股本的0.148%，占其持有的无限售条件流通股总数的24.39%，减持价格按市场价格确定。
【华正新材：持股5%以上的股东减持0.5749%股份】公司持股5%以上的股东钱海（金麒麟分析师）平于2020年2月5日至2020年2月6日通过集中竞价交易的方式减持公司无限售流通股共计743，600股，占公司总股本的0.5749%。减持后持有4.99992%股份。
【美克家居：拟5亿元-7亿元回购股份】美克家居拟以集中竞价交易方式回购股份，回购资金总额为5亿元至7亿元，回购价格为不超过6.60元/股。
【京新药业：拟以3亿-6亿元回购股份】公司拟使用自有资金以集中竞价交易方式回购部分社会公众股，用于注销减少注册资本。回购总金额不低于人民币30，000万元、不超过人民币60，000万元，回购价格不超过人民币12.00元/股。
【山东钢铁：拟2亿元至4亿元回购股份】山东钢铁拟回购资金总额不低于2亿元，不超过4亿元，回购价格不超过1.9元/股。此次回购股份将作为公司实施股权激励的股票来源。
【欧普照明：拟1.14亿元-2.28亿元回购股份】欧普照明拟以不超过30元/股的价格回购公司股份，回购资金总额不低于1.14 亿元且不超过2.28亿元。
【天润曲轴：拟以5400万元-1.08亿元回购股份】公司拟使用自有资金以集中竞价交易方式回购公司股份，资金总额不低于人民币5，400万元（含），且不超过人民币10，800万元（含），回购价格不超过人民币5.40元/股（含）。
【雅戈尔：以集中竞价交易方式回购5.06%股份】截至2020年2月6日，公司通过集中竞价交易方式累计回购公司股份253，550，277股，占公司总股本的5.06%，成交最低价格为6.11元，成交最高价格为6.79元，资金总额为人民币1，626，455，921.22元（含交易费用）。
【道道全：回购公司股份比例达4%】自2019年3月19日（首次回购）至2020年2月5日期间，道道全累计回购1166万股，占公司总股本的4.03%，最高成交价为16.89元/股，最低成交价为11.13元/股，成交总金额为1.66亿元。
【中百集团：累计回购1%股份】截至2020年2月5日，中百集团通过集中竞价交易方式回购公司股份数量为 6，859，175 股，约占公司目前总股本的比例为 1.007%，最高成交价为 7.43 元/股 ，最低成交价 为 5.89 元/股，成 交总金额为47，640，451.57 元。
其他事项
【多家上市公司为疫情捐赠】科林电气捐赠100万元物资驰援疫情防控阻击战；新和成捐赠1000万元支持抗击新型冠状病毒感染肺炎疫情；天音控股已捐款300万元现金及10吨消毒酒精 抗击肺炎疫情；太安堂子公司捐赠价值约300万元的医用物资；恩华药业捐赠价值202万元的药品；雪峰科技拟向新疆红十字会捐赠现金和防疫物资共计100万元用于新冠肺炎疫情防控；龙净环保向武汉火神山医院捐赠“龙净”牌空气净化器500套用于疫情防控；万泽股份捐赠价值200万元的肠道微生态制剂；三泰控股拟捐赠200万元用于抗击疫情；吉林敖东捐赠价值120万元的维生素C泡腾片；华培动力拟向湖北省红安县中医医院捐赠价值395.50万元医疗设备或防疫物资用于抗击新型冠状病毒肺炎疫情；科华恒盛捐赠200万元 用于新型冠状病毒肺炎疫情防控；今天国际捐赠150万元支持疫情防控；雪峰科技拟捐赠现金和防疫物资共计100万元；永东股份捐赠100万元驰援稷山抗疫前线。
【TCL集团：更名为“TCL科技”】TCL集团证券简称自2月7日起由“TCL集团”变更为“TCL科技”，英文简称由“TCL CORP．”变更为“TCLTECH．”，公司证券代码不变。
停复牌
下一交易日起停牌：暂无
下一交易日起复牌：暂无
责任编辑：王帅"	2020-02-06 22:16:10
返工潮下，哪些城市面临最大疫情防扩压力？	"“您购买的列车因故停运，需登录12306按规定办理退票手续。”小贺返工的高铁又一次被取消，别的车次或是停开或是满员，她不得不又一次推迟返回上海的日期。
家里蹲已经半个月，新冠病毒肺炎的确诊人数还在不断上升。截至2月5日24时，31个省（自治区、直辖市）和新疆生产建设兵团累计报告确诊病例28018例。
(image_address=""https://x0.ifengimg.com/ucms/2020_06/45F0A759BCF797BE7CB4A3CA243A292745A85D9F_w1080_h1543.jpg"")(image_address=""https://x0.ifengimg.com/ucms/qr/2020_06/757B77AEF3DEC94D0BAC2C7808C4DA36846A4ED7_w1080_h1544.jpg"")
左右滑动查看更多（数据已更新至2月5号24时）
随着上面这张图越做越宽，很多读者在后台发问，疫情的拐点到底什么时候会到来？
我们参考了许多已有研究，能负责任地给出的答案只有一个：不确定。
没办法给出确定答案的背后，是因为决定拐点的因素，与全民参与的防控完成度直接相关，而这个完成度实在很难说到底有多少。
虽然不能给出这个核心问题的标准答案，但我们还是尝试着通过一些数据，尽力说清楚大家关心的其他几个相关问题：
疫情发展到了什么阶段？在接下来的时间里，哪些城市将面临更大的压力？疫情拐点如何才能到来？
1
新冠病毒肺炎的发展到了什么阶段？
新冠病毒肺炎现在的传播和发展，得将湖北和湖北省外分开来看。
一个好消息是，不管是湖北省内还是省外，每日新增的数据都释放出一些向好的信号。
从新增确诊病例数量来看，湖北以外的数据已经连续两日下降，而湖北在连续一路飙升之后，在2月5日也开始下降。
(image_address=""https://x0.ifengimg.com/ucms/qr/2020_06/2AC3BF782B040061E2F15E54F77284BD97B93FA0_w960_h1750.jpg"")
从密切接触者和正在接受医学观察的每日新增数量来看，全国数据和湖北数据都是连续两日下降，由于大量前期接受观察的人解除观察，湖北正在接受医学观察的数量更是出现了负增长——这一定程度上说明，隔离的效果可能开始显现。
当然，一两天的下降并不能代表疫情的发展趋势出现了拐点，还需要更多时间来观察是否有持续的下降趋势。
而且，我们还注意到，湖北省外的密切接触者每日新增数量还在上升，仍处于需要高度警惕的阶段。
湖北省外的新冠病毒肺炎传播可以分为两个阶段：第一个阶段主要是来自湖北及其他地区的病例，这个数量与迁入人口数量有一定的关系，一般称作输入性病例；第二个阶段是被输入性病例传染后，当地出现了第二代甚至第三代传染病人。
我们统计了1月30日前各省市卫健委公布的确诊病例详情，计算了各个省市非输入性确诊病例的数量与占比。可以看到，在1月底时，33个地区中已经有25个出现了非输入性确诊病例，也就是说，这时候大多数地区疫情的传播都到了第二阶段。
非输入性确诊病例数量最多的TOP5依次是浙江、重庆、上海、安徽和北京；非输入性确诊病例占比最高的TOP5依次是天津、宁夏、江西、上海和浙江。
这两个数大致能表明新冠病毒肺炎的二代传播程度，而浙江和上海在两项排名中都位处前列（我们不太能确定，这是因为这两个地区的疫情传播相对更迅速，还是因为确诊能力更快）。
(image_address=""https://x0.ifengimg.com/ucms/qr/2020_06/F61AE74D835BC9BFACDA05AA7CC6DE95F20336BB_w960_h1766.jpg"")
我们进一步细化整理了资料较为详尽的上海、温州和杭州确诊病例发展脉络，比较了三个城市每日新增确诊病例中输入性和非输入性病例的比例。
可以看到，从上海、温州和杭州公布详细数据的1月27日开始，三座城市都出现了不同比例的非输入性病例。但从2月起，上海、杭州两地的非输入性病例数量有所降低。
更细致的从每日新增病例的非输入性病例比例变化来看，这三个城市表现出不一样的趋势：上海的每日新增非输入性病例比例存在起伏波动，温州的整体呈扩大趋势，而杭州在经历了几天的上升之后从2月2日开始回落。
(image_address=""https://x0.ifengimg.com/ucms/qr/2020_06/A8A4A959BB0E495734A246E1E26EF26B0B5A205F_w960_h1192.jpg"")
这更进一步说明了，当疫情发展进入第2阶段之后，因为防控严苛性和完成度、城市人口复杂程度、风俗习惯、人群意识等等各方面的不同，不同城市的疫情发展出现较大的差异。
而随着返工潮的临近，如果大规模的人口流动重启，各个地区还将承受不同的疫情二次扩散/爆发风险。
2
除了湖北
哪些城市将面临更大的压力？
毫无疑问，武汉、黄冈、孝感等湖北城市仍将承受着最重的与时间赛跑的压力。2月5日晚发布的《湖北省新型冠状病毒肺炎疫情防控指挥部令》中，就要求“确保疑似和确诊病例‘应收尽收、应治尽治’，确保一个都不放过”。
而在湖北之外，那些将要涌入更多返工人潮的城市，会面临更大的压力。
在春节前迁出人数最多的城市，也是在返工后将迎来最大压力的城市。百度迁徙数据显示，在2020年除夕前这一周，迁出人口数量最多的城市主要集中在珠三角、长三角和成渝；其中深圳、北京、上海、广州、成都是迁出人口数最多的五个城市，而东莞、苏州等制造业城市和郑州、杭州、西安等重要节点城市，也在春运前迁出了最多的人口。
(image_address=""https://x0.ifengimg.com/ucms/qr/2020_06/A8A95961AD2F21A498B8F057AA91AAF796BC8965_w960_h1179.jpg"")
从2月2日的少量返工人口流动来看，上述城市确实是最热门的目的地。
(image_address=""https://x0.ifengimg.com/ucms/2020_06/0A6CC92A25DF4B56C91458CF8192AE7E0F995F12_w1080_h440.jpg"")
（图片说明：2020年2月2日全国热门迁入地/目的地，图片来源：百度迁徙）
大量人口在短时间集中涌入，如果再叠加因为返工而带来的城市内部人口流动，将很大程度上提升人群的聚集度。
根据中国城市轨道交通协会公布的最新年度报告，2018年北京和上海的日均客运量均超过1000万人次，分别为1054.4万人次和1017.2万人次，广州日均客运量达到835.4万人次，深圳也达到了451万人次。
如此大的人员流动，如果防控不到位，无疑将是病毒传播的最好温床。更何况，非典的经验告诉我们，如果出现一个人能传染10人以上的“超级传播者”，对疾病传播的控制难度将会加大很多。
在疫情防控这件事上，一定是做最坏的打算，尽最大的努力。
由于新型冠状病毒肺炎致命性更低、严重性更低、传染性更高的特点，其真正棘手之处在于，一旦控制不当传播开来，将会对病床等医疗资源形成挤兑。而我们进一步查看了全国各个主要城市的医疗资源情况，大城市虽然医疗资源相对比较集中，但是如果考虑到这些城市庞大的常住人口规模，这些资源还是十分紧张。
(image_address=""https://x0.ifengimg.com/ucms/qr/2020_06/EC31A0E94C48B7F28CC20C7D45687235BA488E0A_w960_h1851.jpg"")
所以，在湖北正在尽全力实现“应收尽收、应治尽治”时，湖北外的城市们也在跟时间赛跑——尽快将疫情传播控制下来，以最小的风险去迎接返工潮的压力。
大家最关心，也是最关键的问题是，疫情什么时候可以控制下来？拐点如何才会到来？
3
理论上说
疫情拐点如何才会到来？
在这个问题的讨论中，我们要引入一个大家最近常常看到的指标：R₀，也叫基本再生数，或基本传染数。
R₀是流行病学中的概念。简单来说，R₀就是指在自由传播的情况下，平均一个病人能传染给多少人。
R₀的值越大，也就意味着平均每个病人能传染的人数越多，这种疾病传播的也就越快。
但是，如果平均每个患病的人能传染的人还不到一个，当原本这些患病的人痊愈或者死亡后，这种疾病也就被“淘汰”了。
也就是说，只要R₀＜1时，疾病就会逐渐消失。
看到这里你就能理解，为什么我们说拐点与R₀息息相关。当我们在寻求疫情真正的拐点时，其实是在找把新型冠状病毒肺炎的R₀控制到1以下的办法。
这该如何实现呢？我们先来看传染病R₀的传播动力学模型。从流行病动力学的观点来看，决定R₀的是以下几个量：
(image_address=""https://x0.ifengimg.com/ucms/qr/2020_06/C8D8E43DB8CB05B437989C14F332BE5C77962F04_w960_h832.jpg"")
意思是，平均每个感染者可以传染的人数（R₀）=感染者平均每天接触的易感人群数量（k）&times;易感人群被感染的概率（b）&times;感染持续的时间（D）。
但在这里我们要注意到一点：R₀指的是在自由传播的情况下，平均一个病人能够传染多少人。当我们有意控制某些变量时，就要引入另一个概念——有效再生数（Rt）。
R₀和Rt的区别在于，前者是在“自由传播”的前提下计算的，后者是在有外力介入时，平均每个患者实际能传染的人数。
当我们有效控制k、b和D三个变量，将新型冠状病毒肺炎的有效再生数（Rt）降到1以下后，疾病的规模就将开始缩小。
所以我们听到、或正在经历的封城、戴口罩、避免出门等一切手段，其实就是在通过各种防控措施来降低上述的k、b、D三个值。我们也可以为这些举措，作出相应的解释：
1）所有人避免外出、不聚会，其实就是降低了平均每天接触人群的数量（k）；
2）所有人都戴上口罩，做好防护和消毒措施，也就减少了被接触后感染的概率（b）；
3）而被感染的人都能尽快被确诊、隔离，那么感染者能传播病毒的时间也就被缩短（D）；
提出方法论是相对简单的，但预判拐点出现时间仍然是个难题。所以我们要多努力地完成这些防控工作，才能将新冠病毒肺炎的R0降到1呢？
关于新冠病毒肺炎的R₀到底是多少，目前还没有一个定论。从已有研究来看，比较乐观的结果有1.4-2.5之间，悲观一些的结果有3.6-4.0之间、5.38等等。
R₀什么时候低于1，取决于我们在上述三个值上的减值操作有多强。假设上述k、b、D都能下降50%，那么我们可以把原本是4的R₀，直接降到4*(1-50%)(1-50%)(1-50%)=0.5。
在这里我们直接引用了李迅雷团队的测算结果，也就是新增确诊人数将在2月17日（中性假设下）或2月11日（乐观假设下）前后出现拐点——这两个日期仅供大家参考。
(image_address=""https://x0.ifengimg.com/ucms/2020_06/0DDEB452BABAC544DB476F1A7DA5E2DE4E99335E_w1043_h532.jpg"")
（图片说明：李迅雷团队对疫情发展预测的条件假设）
中国医学科学院院长王辰表示，拐点预判的难点在于：①疫情的底数不明，判断根据不足；②很多人还没隔离，社区、家庭传播相当严重；③此次爆发的是新将人体作为宿主的病毒，适应宿主的过程会促使病毒变异，但变异过程未可预期；④大批人员即将返程流动是个考验；⑤或许还有天气变暖的因素。
当然，从乐观的方面来想，拐点预判不一定准确的点还在于，如果特效药等有效治疗手段突然出现，新冠病毒肺炎变得不再那么可怕，致命性大大降低，变得比流感还要寻常。那么，即使没有消灭它，我们也不用再如此严阵以待。
无论如何，要迎来拐点，现阶段的关键还是得我们共同发力，为降低R₀作出最大贡献。同时避免自己“发挥超常”，成为那个足以翻转局势的“超级传播者”。
当这些控制变量的手段都被高效执行时，我们很快就会看到下图模拟的场景出现：
当白点（易感人群）尽可能减少活动，降低被感染的可能性，当红点（被感染者）都能被及时收治。虽然有一些艰难，但我们最终还是消灭了病毒。
(image_address=""https://x0.ifengimg.com/ucms/2020_06/5C9FA7AC8C08C77220BB348FD011DCAFF5C92BE6_w480_h270.gif"")
（图片说明：B站UP主Ele实验室
《计算机仿真程序告诉你为什么现在还没到出门的时候》）
最后，借用上海医疗救治组组长张文宏的一句话
“从现在开始，每一位都是战士。你闷两个礼拜就把病毒给闷死了。你在家里不是在隔离，你是在战斗啊！”
作者|罗钰婧
编辑|小唐
数据|李飞、韩宗春、钟黛、高斌、张倍迪
设计|张梓豪、邹磊"	2020-02-06 22:13:39
永太科技：全资子公司制剂产品获得美国FDA批准	"中证网讯（记者 董添）永太科技（002326）2月6日晚间公告，近日，全资子公司永太科技（美国）有限公司（简称“美国永太”）收到美国食品药品监督管理局（简称“FDA”）的通知，美国永太向美国FDA申报的酒石酸美托洛尔简略新药申请（ANDA，即美国仿制药申请）获得批准。
酒石酸美托洛尔片剂，适应症为用于治疗高血压、心绞痛、心肌梗死、肥厚型心肌病、主动脉夹层、心律失常、甲状腺功能亢进、心脏神经官能症等。经查询IMS数据库，酒石酸美托洛尔片剂2017年7月至2018年6月全球销售额约为2.92亿美元，其中美国市场销售额约为0.71亿美元；2018年7月至2019年6月全球销售额约为2.77亿美元，其中美国市场销售额约为0.71亿美元。
本次酒石酸美托洛尔的ANDA获得美国FDA的批准，标志着公司具备了在美国市场销售该产品的资格，标志着公司在仿制药产品领域业务的进一步推进，对公司拓展美国市场带来积极的影响。"	2020-02-06 22:12:00
疫情下的商业地产：客流锐减、还贷、减租，以及被倒逼的风险管理	"(image_address=""https://x0.ifengimg.com/res/2020/1DAF9C6F18CF241AF2EF76E1E4533327834A2616_size47_w640_h406.jpeg"")
受疫情影响，几乎所有购物中心的客流和销售额都在大幅度下滑。对商业地产商来说，这也是一场风险管理的最佳实践。
文｜《中国企业家》记者李艳艳
编辑｜徐昙
头图摄影｜李艳艳
北京。朝阳大悦城。
2020年春节刚过，广场内外空空荡荡。五光十色的品牌广告不见了。大悦城楼体内外的数字大屏上，循环播放着“防疫”相关的视频和大幅标语。
(image_address=""https://x0.ifengimg.com/res/2020/82AF81B991D7326505878317DBAA1E3662A782BF_size47_w600_h450.jpeg"")
摄影：李艳艳
进门前，保安会拿着体温测试仪，在顾客的手腕上轻轻一点。一楼的化妆品、快消服装、饮品店中，只有员工四散而坐。中间楼层的餐饮、影院等娱乐休闲区几乎全部闭店，偶尔有外卖小哥提着袋子匆匆跑过。包裹严实的顾客走上楼梯，彼此皆无言语。
从早上九点半到下午六点，饮品店小王一共卖掉3杯奶茶。年前这个数字至少是300杯。小王形容自己上班的感觉跟放假没区别，“就是换个地儿打游戏”。他预感，商场再这样冷下去，自己可能要失业了。
“不好意思，我们要休息了。”与饮品店隔中庭相望的一家网红休闲书店里，员工小许正张罗着闭店。他刚收到通知，商场计划18点关门，周末延至20点，这个时间安排会持续到2月9日。书店旁，一位保洁阿姨开着电动消毒工作车缓缓驶过。
“利用春节，好好再打一仗。”这是春节前张莉的想法。而现在，她安慰自己，“不以盈利为目的”，“顾客退订要理解”。张莉是龙湖长楹天街某知名网红餐饮品牌的店长。
在她的概念中，春节是餐饮业“赚钱的时候”。但2020年春节期间，她负责的这家店损失了近50万，因为订餐被退掉100多桌，“光年夜饭就退了60多桌”。最近，集团要求门店成立疫情防护小组，她担任组长，负责安排前厅后厨的员工给餐厅消毒，为顾客做登记、量体温。按照防疫要求，餐厅内座位间的距离要拉大，由此，店里百十个座位缩减了一半。即便如此，一天的顾客也不过两三桌。
(image_address=""https://x0.ifengimg.com/res/2020/3E6FE52300EE82C80C779830D2E88E888B75B0D3_size29_w640_h480.jpeg"")
摄影：李艳艳
位于北京核心商圈的国贸万达广场，境况类似。万达方面回应称，为了确保城市消费供给，集团决定在做好安全措施的情况下，保证万达广场营业。但用万达两位员工的话来概括，年后至今，“除了超市，商店基本都停业了”，“商场里除了保安和保洁，顾客寥寥无几”。
喧嚣难再的朝阳大悦城、龙湖长楹天街、国贸万达广场都是北京热门的消费地标。在疫情影响下，如何应对，已不只是商户要考虑的问题，更是商业地产开发运营者自身的当务之急。
“如果疫情持续三个月，估计能活下去的不多了。”谈到商业地产的生存趋向，万科集团高级副总裁、印力集团（万科旗下商业地产平台）董事长兼总裁丁力业难掩焦虑。在他的切身感受中，这次疫情对消费市场产生了很多影响，“特别是商业地产，要面临客流的急剧下降，商户的减租，还有银行的还贷压力”。
“2020注定是不平凡但充满希望的一年，疫情亦给我们正常经营带来了前所未有的困难和挑战。”此前不久的1月31日，印力集团在“致印力合作伙伴的一封信”中如此写道。这句话，或可成为当下多数商业地产商的生存注脚。
近期，全联房地产商会商业地产工作委员会发布《购物中心行业抗击疫情专项调查报告》指出，2020年春节期间，几乎所有购物中心的客流和销售额都在大幅度下滑。为此，商业地产运营商普遍将采取下调租金、管理费、物业费等作为主要支持方式。
“做公益没有那么多商业层面的考虑。”提及减免租金的考虑，某TOP级商业地产开发商高管回应果断。在对商户减租、追加资金投入的同时，多家商业地产运营商为留住租户也在尝试更多措施，并在“捂紧口袋”的同时，探索其他生存机会。
正如戴德梁行研究院首席政策分析专家魏东所言，“风险管理中的最佳实践至关重要。”因此，她提出建议，商业地产应更注重精细化管理，同时，企业要采取更为保守的财务策略。“拥有足够的现金和良好的信用额度，才能有效抵御风险和不确定性事件对公司产生的负面影响。”
商业地产运营商的“疫情攻防战”，已然打响。
减租进行时
一场针对商户的大型租金减免计划正在进行。
机构统计称，除去租金全部减免，租金减半方式亦成为近七成商业地产运营商的选择。不少开发商通过调整营业时间来控制部分运营成本。
(image_address=""https://x0.ifengimg.com/res/2020/363E01B992EC734A42432EDAA616B285FF091469_size61_w640_h480.jpeg"")
春节期间的北京世贸天阶商圈。摄影：许虎虎
综合公司通告、机构数据等公开资料不完全统计，截至2月5日，推出减租政策的商业地产开发商已超过80家。其中，减租时间最短为6天，最长为66天。有行业人士统计称，目前各房企主动减免的租金总额已近百亿元。
万达是国内率先提出减免租金的商业地产运营商。
1月28日，公司对外宣布称，自1月24日-2月25日期间，万达商管集团将对全国各地所有万达广场的商户租金及物业费实行全免政策。据万达方面提供的数据，截至2019年底，已在全国累计开业323座万达广场。此次减租政策落地后，预计减免费用将超过40亿元。
近些年在商业地产方向快速扩张的新城控股，在1月30日也宣布租金减免政策。
其称，旗下分布全国各地的吾悦广场，对全体商户自1月25日至2月13日期间的租金，实施减半政策。新城控股方面称，目前公司在全国范围内已开业吾悦广场64家，其中自持经营的吾悦广场均按前述政策执行，预计租金减免总额逾亿元。不过，对于委托经营的轻资产项目，公司将与业主方沟通一致，再按相同政策执行。
“商业消费领域受此次疫情影响比较大，各品牌商家在近期经营上承受了一定压力。”新城方面有关负责人回应称，春节原本是消费旺季，商家大都在节前做了很多准备，包括储备货物等。当前正处特殊时期，考虑到品牌商家的实际困难，所以做出了减租决定。
至于公司后续是否还有进一步措施，新城方面回应称，会持续关注疫情发展情况及其对商业消费领域的影响，与品牌商家共渡难关。
龙湖是目前已宣布减免租金的企业中，减免天数最多的一家。1月30日，龙湖集团正式宣布，对旗下商场所有商户，2020年1月25日（农历大年初一）至2020年3月31日期间，租金费用（含物管费、推广费）减半。
龙湖商业表示，随着疫情不断发展，商户经营工作受到不同程度影响。公司希望借助租金减免，消解商户部分经营压力，并与商户共克时艰，抗击疫情。
除了租金减免，在疫情防控上，国内大多数商业地产运营商都在增加投入，比如调整经营时间，加强新风、排风安排，密集进行消毒。此外，还有企业发出倡议，要求全力维持企业线上线下渠道顺畅运转。
多位受访的行业人士表示，各家开发商采取减免房租的做法，既是短期内的公益选择，也是长期的商业选择。中指集团副总裁兼大数据中心总经理葛海峰长期研究国内商业地产市场，最近有很多商业地产开发商跟他“倒苦水”。他判断，当下商业运营商减免租金，是避免疫情过后加重损失的有效举措。
“不管是租户还是业主，都是这个突发疫情的受害者，如果能够给租户在租金和物业费方面进行部分减免，不但可以减轻租户的成本负担，同时也能够给租户更多信心，让企业在大灾面前更有担当，树立更好的企业的社会形象。”魏东称。
不过，有行业律师提醒，商户与运营主体应注意防范疫情结束的后续问题。
江苏法舟律师事务所彭钊提醒，在疫情结束后，建议中小微企业主动与出租人通过协商，以正式书面方式提出解决因疫情所发生的租金减免问题，避免出现之前承租人关于减免“非典”期间租金之主张超出诉讼时效的法律风险。
“在疫情将持续一定时段的情势下，没有任何企业和人是真正的强者，任何法律主体都将并应在法律的框架内努力寻求损失的最小化。”彭钊称。
困难前所未有
最近，国内某TOP级商业地产开发商高管频繁斡旋于公司、商户、银行之间。现在及将来一段时间，他不得不面对商户租金减免后，公司自身的生存问题。“我给小租户减免租金，谁为我们着想？如果我们不在了，租户和消费者又如何？”他向《中国企业家》如此感慨称。
“目前国家金融层面的政策，当地银行还没有对策，所以我们都在给当地政府提（建议）。”该高管称。
“整个春节，七天客流仅相当于去年同期1天客流量。”美的商业公开表示，疫情所致，购物中心的客流与销售额跌幅很大。包括减租成本、防护耗材、营运成本以及品牌闭店等成本在内，美的商业需承担的损失达数千万。
(image_address=""https://x0.ifengimg.com/res/2020/839070706142B1DEC7420935EAD4D7F6C5CEA4B1_size49_w640_h480.jpeg"")
摄影：李艳艳
“由于疫情影响，导致实体商业基本没有客流，对商户、对业主都产生了打击。”在魏东看来，如疫情在短期内不能控制，不管是企业还是租户，都将面对更为严峻的挑战。
更为严峻的挑战可能是什么？
近日，广东省餐饮服务行业协会为了解新型肺炎疫情对广东省餐饮行业的影响，做了一个问卷调查。调查报告称，“春节期间，30%持续营业的企业同比营收下降五成以上，其中30%的企业收入几乎为0；绝大部分企业面临租金、人工、能耗、税收等多重成本压力，客流、现金流严重不足的困境如无法得到及时缓解，将在1-2月内引发闭店潮。”
在魏东看来，此次疫情后，政府应更多地支持企业，尤其是帮助在此次疫情中损失惨重的中小企业渡过难关，在税收财政补贴等方面对企业进行扶持。
政策方面亦有反应。2月1日，中国人民银行、财政部、中国银保监会等五部门联合印发《关于进一步强化金融支持防控新型冠状病毒感染肺炎疫情的通知》称，对受疫情影响较大的批发零售、住宿餐饮、物流运输、文化旅游等行业，以及有发展前景但受疫情影响暂遇困难的企业，特别是小微企业，不得盲目抽贷、断贷、压贷。
但截至目前，还未有直接利好商业地产的补贴政策出台。易居研究院智库中心研究总监严跃进称，春节期间的商业及零售业明显受到冲击，有必要后续针对商业地产进行补贴。
葛海峰表示，中国商业地产整体发展还不成熟，商业运营能力有待提升，这次疫情可能是对商业运营能力的一次阶段性测试和成果检验。“其中肯定会暴露问题，但也是对运营商的警示和激励。”
魏东的观点与之印证。疫情的爆发属于突发事件，从目前来看，应对得较好的，都是在商业地产运营中较有经验且运营良好的企业，平时运营管理就跟不上的，在突发事件到来之际往往管理上更易出现漏洞。
“业主租金收入的减少必然会带来一定压力，但国内开发商大多以多物业类型进行资产配置，商业租金收益相对占比有限。”葛海峰的观点较为乐观。他认为，此类危机对大型开发商和商业运营商的影响不会太大，但对于一些中小型业主或单纯以商业运营为主的业主而言，可能会造成现金流压力。
中信建投2月5日发布对宝龙商业年度盈利预告的相关研报称，“由于公司收入主要来自于固定零售商业物管费，因此受疫情影响短期来看不大，最终影响的评估仍有赖于后续疫情持续时间，以及疫情对零售行业冲击程度的跟踪。”宝龙商业发布的正面盈利预告称，2019年归母净利润（未扣除上市费用）同比增速不低于50%。
回归到一线。某不愿具名的国内央企地产公司高管向《中国企业家》表示，从商业地产的开发层面看，2020年的开工、销售计划都会大大向后延期。“特别是销售，在疫情退去后的一段时间，市场营销都会承受严峻考验和压力，因为购买心理的恢复，需要的不仅仅是时间。”
(image_address=""https://x0.ifengimg.com/res/2020/AE9D86DC434BFA068DA7A5939CC9553F8353E3D1_size32_w640_h480.jpeg"")
摄影：李艳艳
该高管告诉《中国企业家》，他的预感是，经此一“疫”，商业地产运营层面或将面临很大变化。因为他深刻意识到，人们对居住、办公、购物、度假、养老乃至子女教育的理念都会出现与过去几十年完全不同的理解，也许会在一些领域发生消费革命。
在魏东的观察中，目前很多商业地产运营商都在积极筹划应对危机措施。在此次疫情中，零售、餐饮、交通运输、影院消费等受的打击最大，而医疗健康、电子商务、在线教育、网游类的产业则有更多商机。因此，需要商业地产运营方根据市场走势来制定招商和运营策略。
抵御不确定
在2003年的“非典”疫情中，零售业也是受疫情影响最深、最直接的领域之一。北京市统计局数据显示，2003年4月，北京19家百货商场零售额同比下降17.6%，相比3月份下降26.7%。餐饮首当其冲，其次是休闲娱乐（如电影院）、体验类（如书店），对“客流即生命”的实体零售商而言，疫情无疑是巨大的挑战。
仲量联行某不具名研究人士称，相较2003年，我们所处的市场虽拥有更庞大的体量、更强的常规风险抵御能力，但面临疫情等突发意外事件时，也更加脆弱，容错空间更小。市场各方参与者不能因“非典”那一年的市场恢复速度而盲目乐观，但也应保持基本信心，主动提前采取措施。
业内目前关心的是，此次疫情突袭，商业地产在发展过程中，应该如何抵御不确定性，尽可能消减损失、降低风险？
葛海峰建议，疫情初期，建议商业地产商迅速启动危机管理，想尽办法节约开支，控制现金流。疫情后期，寻觅促销时机与方式。“比如率先启动打折策略，抢占重新激活的消费市场。”在“非典”疫情稳定之后,消费者被抑制的消费需求曾经迅速膨胀，出现消费反弹现象。
“任何突发事件都可以给一些企业带来危机，同时给另外一些企业带来机会。”魏东表示。在疫情爆发、客户不能到店消费的情况下，线上线下相结合的方式将发挥更大作用。随着5G技术发展，智慧商业能更好将技术和消费结合，这次疫情爆发让这种消费模式变得更为迫切。
对于线上线下的结合方式，葛海峰认为，社区商业、“最后一公里”到家服务也将面临新的发展机遇。另外，抗疫情也会促使商业运营企业在商业地产大数据建设、基于数据层面的运用能力得到更大提升。
研究人士提及的方向已有最新试水者。近期，印力、龙湖推出帮扶措施，协助商户开通针对消费者生活必需用品的线上销售渠道，或予以租户一定的线上推广资源。诸如“打通最后一公里”的智慧社区概念也在碧桂园、融创等开发商中大范围实践。
而国内商业地产是否已经做好了应对突发公共卫生事件的长远准备？
一位地产行业高管对《中国企业家》表示，他们应对疫情的长期准备，不在于疫情高峰的持续时间，而是由于疫情所引发的以及疫情过后，生活方式、消费方式、社会治理包括公共卫生的变革，这是对商业地产的历史性冲击。这些冲击早该随社会其他方面的进步而到来，但行业自身的固化理念一直很难去顺应。
“但是现在，疫情来了，环境改变了，商业地产的从业者们准备好了吗？”
（文中涉及商户姓名，皆为化名）"	2020-02-06 22:10:31
央行营管部：抓紧专项再贷款政策落地 为“战疫”企业提供优惠利率信贷	"上证报中国证券网讯（记者李丹丹）记者从人民银行营业管理部获悉，在新型冠状病毒感染的肺炎疫情防控工作中，人民银行营业管理部加大货币政策工具支持力度。2020年，人行营业管理部将继续加大再贴现资金支持力度，确保1季度办理再贴现累计不低于100亿元，全年办理再贴现累计不低于300亿元，其中80%以上用于支持中小微企业。
今年2月1日，人民银行总行出台了专项再贷款文件，专门用于支持金融机构向相关直接参与防疫的重点医用物品和生活物资的生产、运输和销售的重点企业提供优惠利率信贷，北京为10个重点省（自治区、直辖市）之一。
记者获悉，近期北京市发改委初步拟定了北京地方相关重点企业名单，人行营业管理部已将重点企业名单上报人民银行总行，要求银行向相关重点企业发放贷款的利率不得超过最近一次公布的一年期LPR减100基点（即目前上限为3.15%）。
与此同时，财政再给予一定的贴息支持，进一步降低企业融资成本。目前人行营业管理部正在督促相关银行与名单内企业加强对接，抓紧政策落地，及时为参与组织疫情防控的企业提供优惠利率的信贷支持。"	2020-02-06 22:08:05
广东已处理疫情防控中失职失责人员52人	"新华社广州2月6日电（记者毛鑫）记者5日从广东省纪委监委了解到，截至2月3日，广东省纪检监察机关共查处疫情防控中失职失责问题20件，已追责问责52人。同时，广东省纪委监委通报了其中两起典型问题，涉及在疫情防控中应对群众性民俗活动不力、履职不力且企图掩盖等问题。
一是在疫情防控中履职不力且企图掩盖失职失责事实问题。汕头市接待办主任邢卫国不及时传达上级部署要求，导致有关接待场所未按要求上报来自疫区的旅客入住事宜，造成较大安全隐患。组织发现该问题后，邢卫国不仅未迅速采取补救措施，反而伪造并提供虚假的贯彻会议记录等资料，试图掩盖失职失责行为。2020年1月31日，邢卫国受到党内严重警告处分。
二是在疫情防控期间应对群众性民俗活动不力问题。2020年1月25日和27日，揭阳普宁市军埠镇大长陇村萃涣堂理事会，两次举办群众性民俗活动，造成大量人群长时间聚集，存在较大安全隐患。该镇党委副书记、防控工作领导小组副组长、联系大长陇单元的单元长吴继强，未及时发现并制止该活动。大长陇村党总支书记陈金溪、村党总支副书记兼村委会主任陈长辉明知该事，既未予阻止，也未及时向上级报告。大长陇村萃涣堂理事会副会长陈锡容（中共党员）不执行上级工作部署，牵头组织相关活动。2月3日，吴继强受到党内警告处分，陈金溪、陈长辉、陈锡容均受到党内严重警告处分，另有8名党员、干部受到诫勉处理。
广东省纪委监委相关负责人表示，上述党员、干部在疫情防控中失职失责，甚至弄虚作假，造成风险隐患，影响恶劣。接下来，各级纪检监察机关要进一步强化政治监督，最大限度防止失职失责、贻误战机等问题，最大限度激发党员、干部冲锋陷阵、英勇奋斗精气神，为我省打赢疫情防控阻击战提供有力保障。
关注同花顺财经（ths518），获取更多机会
(function(){var obj = null;if(document.getElementById('arctTailMark')) {obj = document.getElementById('arctTailMark');}if(obj!=null){var str = '(image_address=""http://i.thsi.cn/images/article/logo.jpg"")  返回首页';var showed = 0;try{var oo = obj.previousSibling;while(oo.nodeType!=1 || oo.innerHTML.replace(/\s|\u3000/g,'').length==0){oo = oo.previousSibling;}if(oo.nodeType==1 && oo.tagName.toLowerCase()=='p') {var span = document.createElement('span');span.innerHTML =str;oo.appendChild(span);showed = 1;}}catch (e){}if(showed == 0){obj.innerHTML =str;}}})();
责任编辑：cjh"	2020-02-06 21:59:58
被疫情“解封”的空净	"2月4日上午9时许，仅用10天时间完工并交付使用的武汉火神山医院，开始收治确诊的新型冠状病毒感染的肺炎患者。据央视新闻记者的竣工期探访，这座由7500余人十几个小组日以继夜并行施工的传染病医院涵盖几十道工序，并且具备新风系统、负压系统、急救室、污水处理、食堂宿舍等完备设施。
(image_address=""//comment.10jqka.com.cn/sourcepic/12/1tC5extagrzStefNextagAtsaytsay.png"")记者注意到，在武汉火神山医院的每个病房中，除室内屋顶的新风换气系统外，角落还都配备了一台空气净化器产品。作为家电行业媒体从业者，不由得联想到近期多家热心公益的家电企业在向武汉疫区捐款之外，也以自身产品研发和生产制造能力为疫区提供相应的物资援助，例如兼备除菌消毒功能的空气净化器产品。在这些企业充满爱心的捐赠，以及消费者对病毒细菌环境的主动了解学习中，空净行业的认知误区似乎有了松动。
认知误区下 被“唱衰”的空净行业
2012年以来，雾霾经济一度促使空净市场实现爆发式增长，但迄今为止，空净行业的发展，并没有迎来业界所期望的大市场。2019年的空净市场整体仍然处于下行态势，根据奥维云网数据显示，2019年1-11月净化器市场规模销额81.8亿元，同比下滑21.7%，销量413.7万台，同比下滑12.2%。
对此，奥维云网地产大数据常务副总经理陈仁梁认为，在后雾霾经济时代，空净产品一直未得到大发展，究其原因，主要是需求端没有被激发，消费者对空净产品的认知和了解、对居室环境的污染和重视程度了解都还不够，为此付费和消费的意愿也缺乏动力。“加之这几年随着国家对大气环境的治理力度加强，确实改善很多，所以很多人觉得对空净类产品的购买需求动力不强。另外空净行业缺乏大企业，绝大部分企业都是在千万级别，大家都处在生存线上挣扎，很难再有费用在科普和宣传上发力，导致行业热度不够。”
“相比而言，空气环境质量更好的欧美等发达国家空净产品的普及率反而更高一些，而中国市场由于特定的如雾霾等天气因素影响，消费者对空净产品的理解始终有一些误区。” 莱克电气（603355）股份有限公司产品企划部总监陈华夏也向记者表示，大部分用户的观念还是认为，空净是只有在雾霾天气才会使用的。“但其实这是个很大的误区，空净主要是针对空气中两类污染源起作用的，一类是如PM2.5、空气当中的病毒、过敏原、细菌等固态颗粒污染物;另一类便是如甲醛、异味等气态污染物。正常的，以一年四季而言，冬天确实存在雾霾情况;但像春天、秋天换季期，还会有很多流感、花粉过敏等症状;而夏天天热时，很多装修家居会挥发出甲醛类的污染源，这些都是可以用空净来改善和解决的。”正如此次疫情中固态病毒颗粒环境下，空净便能起到很好的改善预防作用。
爱心捐赠中 无心插柳的市场“契机”
据(image_address=""//comment.10jqka.com.cn/sourcepic/12/1tC5extagrzStefNextagAtsaytsay.png"")了解，截止目前，包括莱克电气、A.O.史密斯、博世热力技术、飞利浦、格力、苏泊尔（002032）等在内的相关家电企业都向武汉疫区捐赠了空气净化器产品。其中，莱克电气向武汉市新建火神山医院、武汉红脑科医院捐赠价值100万元空气净化器;A.O.史密斯已向武汉11家定点医院捐赠价值百万的空气净化器;博世热力技术首批捐赠200台博世空气净化器;飞利浦基金会通过武汉市青少年发展基金会捐赠总价值1500万元人民币的医疗设备和空气净化器;格力电器（000651）向武汉市金银潭医院援赠一批价值200万元的空气净化器;苏泊尔向武汉市汉阳区慈善会捐赠价值500万元的包括空气净化器等在内的防疫后勤保障物资。
爱心善举不分大小，企业的捐赠也并非无的放矢。根据中国疾病预防控制中心病毒病预防控制所1 月 24 日发布的信息指出，新型冠状病毒尺寸约为100纳米，与尺寸为80-120纳米的H1N1病毒尺寸相近。另据经权威检测机构证实，MERV16 或 H12及以上级别且拥有抗菌涂层高效 HEPA 滤芯的空气净化器，可以滤除H1N1病毒达 99.99%，对于H1N1尺寸病毒或其它尺寸相近的污染物也应可过滤。本次捐赠企业中一位不愿透露姓名的空净从业人士向记者表示，除病毒的HEPA滤芯达到上述检测机构提及等级的空气净化器产品，用在医院场所，可以“有效阻止病毒传播，净化空气，防止交叉感染。”
采访与查询中记者了解到，莱克空气净化器采用H13级别的HEPA滤网，对包括H1N1病毒等在内的病菌除菌率可以达到99.99%，对于PM2.5等颗粒污染物也可实现550m/h的洁净空气量;A.O.史密斯带抗菌涂层的高效HEPA滤芯空气净化器被认证可滤除尺寸为100纳米的H1N1病毒达99.99%。陈华夏分析认为，目前新型冠状病毒肺炎的传播主要通过两种途径，一是空气当中飞沫传播，二是接触性传播。空气净化器对于第一类飞沫颗粒污染物是可以进行有效去除的。
在实时刷新的疫情新闻资讯中，记者同时也注意到，企业的捐赠行为让大部分外界消费者开始到空净这个品类。部分认证微博评论中，有医疗人员建议将“家里空净用起来”;有媒体报道“正确解读空净的作用”，以及有多数网友表示“空净一直开着没停或”“买的空净在路上”。另据苏宁数据显示，春节期间，除口罩之外，空气净化器、蒸汽拖把等在内的五类家电登上苏宁热搜TOP5，其对应销量也实现突破性增长。不可否认，对于空净市场而言，这是行业在遭遇瓶颈期后迎来的新好“开端”，至少在“空净是去霾”的认知之外，外界对这个品类有了新一层的认识：它还可以滤除细菌、病毒等颗粒污染物。
奥维云网在分析疫情对于家电行业消费侧的影响时总结认为，除洗手机、除菌拖把、除菌洗碗机等可有效解决疫情期间消毒洗手需求的新兴品类会获得较快发展之外，空气净化器类产品将持续热销，湖北部分地区甚至会处于脱销状态。
“空净可以滤除的污染物很多，不仅仅是雾霾，也不仅仅是病毒颗粒。”陈华夏希望通过这次事件，包括各个企业对武汉疫区的积极捐赠，可以让消费者更多认识和了解到空净在一年四季中，对于无论是房间还是其他环境里的空气质量改善都能起到很好的帮助。“这个品类是‘健康需求’类的产品，而不是‘恐怖诉求’类产品，它对我们的家居生活健康都是非常重要的，也希望大家能够更好更全面的认知到像PM2.5、甲醛气态等的一些数据指标，以便能更好的选择这类产品，改善我们的生活环境。”
在采访接触的几家捐赠物资的空净企业中，相关从业人士均不愿过多提及自身的产品，表示“目前想踏踏实实做公益”，但他们提倡建议用户“在室内空间配一台空净，可以更好的阻止传播，特别是不便通风的环境。”
关注同花顺财经（ths518），获取更多机会
(function(){var obj = null;if(document.getElementById('arctTailMark')) {obj = document.getElementById('arctTailMark');}if(obj!=null){var str = '(image_address=""http://i.thsi.cn/images/article/logo.jpg"")  返回首页';var showed = 0;try{var oo = obj.previousSibling;while(oo.nodeType!=1 || oo.innerHTML.replace(/\s|\u3000/g,'').length==0){oo = oo.previousSibling;}if(oo.nodeType==1 && oo.tagName.toLowerCase()=='p') {var span = document.createElement('span');span.innerHTML =str;oo.appendChild(span);showed = 1;}}catch (e){}if(showed == 0){obj.innerHTML =str;}}})();
责任编辑：cjh"	2020-02-06 21:59:44
15年外贸“老兵”分享：跨境电商这样应对疫情	"近日，外贸圈社群关于疫情对于外贸跨境电商的影响的讨论非常热烈。一名拥有15年经验的外贸一线从业者从跨境电商企业的真实情况、如何应对疫情带来的危机等方面做了一个分享。整理如下：
01
任何危机面前，积极心态是第一位的
很多外贸圈网友问我，这次疫情对中国外贸影响有多少大、怎么看待这个问题。我的观点是，短期影响肯定是很大的，特别是跨境零售出口，但是长远来看，会有波动，总体是利好的，影响不会太大。
2020年的疫情对于我们广大外贸人来说，最容易唤起记忆的是2003年的非典，所以我先带大家简单回顾一下2003年非典对于中国外贸的整体影响是什么。
根据2003年中国海关数据统计，2003年前4个月中国进口外贸保持了高增长趋势，进入非典的4月份进出口开始回落，大概减少的幅度是10.7个百分点。2003年的非典，广东是最早的疫情灾区，然后又影响广交会，2003年的非典大概影响广东外贸出口5亿美金，影响GDP大概0.5个百分点。
但是这里面有一个核心数据是2003年的非典影响仅仅是二三季度，随着非典疫情控制，中国外贸的数据马上又恢复到正常，甚至后劲十足！
2003年的历史经验告诉我们，因为我们有强大的政府，困难和疫情肯定是暂时的。而且我们也有理由相信，疫情马上可以得到控制，一切都会好起来的。作为外贸行业参与者，我们要更多去传递正能量，彼此鼓励和抱团，更多去承担行业责任。
02
疫情下跨境电商的真实现状是什么
我们外贸社群大概有7万个一线外贸人，我做过一些调研发现，客观来说，持续的疫情目前对于中国外贸出口还是有影响的，主要有下面几个情况：
1. 跨境零售出口
目前疫情影响最大的就是跨境零售出口卖家，很多做亚马逊和速卖通的卖家都反馈因为疫情问题已经收到了部分零售买家的退款退货。对于如何应对，我个人的建议是充分沟通和解释。
我相信大家这几天也陆续看到一些专家的建议，“目前中国大部分地区是非常安全的，而且中国政府高效措施，疫情马上就可以控制”，要积极跟客户沟通解释。退一万步说，疫情是不会通过国际物流传播和传递的。同时，要给客户拍摄视频和照片，作为我们产品的消毒和清洁的证据。
我相信大部分有真实需求的买家会接受。而对于那些实在不能接受解释一定要退款退货的，后续也会因为疫情的控制而趋向于平稳。
对于平台的卖家来说，疫情趋势下最应该担心的还是跨境运营的问题，比如，供应商的供货和国际物流延误。因为目前疫情持续，供应商开工困难、物流开工晚必然导致我们运营出现问题。亚马逊平台上对Listing销量影响最大的因素，一个是差评，一个是断货，最终影响销售。
我个人的建议是争取联系供应商备货，如果确实备货有困难，合理提升价格，通过提价格让销售暂时趋于停滞，然后边等边看。
2. 跨境B2B
经过初步调研发现，大部分的B类客户还没有取消或者放弃采购中国商品的想法，因为很多B类客户都是合作了很多年，彼此非常熟悉，而且采购需求持续，海外客户也一直有自己的采购计划和商业安排。
对于传统的外贸B2B模式，目前影响最大的应该是商检，通过海关和国际物流的通路。我们社群有一个外贸企业是做菲律宾市场的，他反馈最近一票货因为通关问题，滞留在港口，理由就是中国的疫情。
疫情趋势下，外贸出口的商检门槛一定越来越高，这对已经处于外贸压力中的中小微企业来说可能会是雪上加霜。另外，目前国际物流通路也遇到了问题。
当然，也有外贸圈的企业暂时没有受到影响的。对于这些同行，要持续做好服务和物流。保守估计疫情的影响应该会超过3个月，在这样一次大的“黑天鹅”趋势下，任何人都不可能独善其身。
03
特殊时期如何与海外客户沟通？
作为一线外贸人，在这样一个特殊历史时期，我们的一言一行都非常关键，所以首先应该传播正能量，承担行业责任。
1. 不要主动谈起任何关于疫情的话题，而且目前春节假期刚刚过，我们也有正当理由保持低调和沉默。
2. 如果你的海外客户在你的朋友圈，个人建议在这样特殊时期适当做屏蔽，因为目前信息比较杂，容易引起恐慌。
3. 其他社交软件，首先我们只谈论工作、产品、商业。
4. 如果客户问起，建议大家对于业务员做统一的回复培训，正能量的回复客户，告诉客户工厂会在预期时间开工生产，政府会有力地控制疫情，一切都会好起来，公司已经准备就绪正式开工，让客户不要担心。
04
关于节后上班和生产的问题
正常外贸工厂公司都是正月初八上班，今年特殊情况，有些外贸企业正月十五后复工都有问题，所以无论你是外贸公司还是工厂，当务之急是恢复生产、销售。
如果你是外贸工厂，多了解当地关于疫情的政策，对于节后返工的工人要充分调研和监控，特别是敏感区域，听取当地政府的开工建议。工厂全面清理和消毒，并且拍摄视频和照片，为说服海外客户做准备。
另外，根据实际的工人到达情况，可以规划2020年生产交货情况，并且给海外客户一个供应周期，让客户心里有底。对于老客户，要充分的沟通，说明我们的工厂正常生产，货源稳定，疫情也会马上结束。
对于纯外贸公司，因为大部分都是在线工作，所以在这样的特殊时期，外贸SOHO的工作特性会显现出来。
春节过后外贸公司核心还是供应链和物流能力，要跟工厂及时沟通，心里有预期开工时间和供应能力，多做备案和多渠道采购，甚至可以考虑全球采购。
05
跨境电商应对疫情攻略
现在很多企业已经通过在线方式开工了，疫情还在持续，为了2020年公司发展更稳健，给大家提几个建议：
1. 不管你有没有开工，建议马上认真梳理一下手头的外贸定单和零售平台的定单，如果因为疫情问题导致交货延迟的，马上和你的客户沟通，争取客户的理解和谅解，也可以在价格或者其他条款上给以客户一定的优惠。如果确实发不了货，可以去当地的商务局或者贸促会申请不可抗力证明。对于年前已经发货的定单，追踪物流风险，清关、物流通路、商检等。
2. 对于B2B定单，目前最大的风险应该是收汇风险和产品拒收风险。一定要密切跟重要客户沟通，客户动向，资金要及时追讨。如果海外客户要拒收货物，你可以强调，WHO公布的临时建议并不包含可能限制出口的贸易措施，并且向客户提供公司工厂的清洁、防疫的证据视频照片，一定要据理力争。
3. 如果你是一个小微创业者，首先要的是资金储备，尽量轻资产，有必要的话减少人工和推广投入，因为这是一个特殊创业时期。
最后，祝福所有的跨境电商从业者。虽然2020年开年大家都很难，但是在困难面前，我们要勇于去应对，相互鼓励，一起抱团，最终我们一定会克服困难，越来越好。我们一起加油！
关注同花顺财经（ths518），获取更多机会
(function(){var obj = null;if(document.getElementById('arctTailMark')) {obj = document.getElementById('arctTailMark');}if(obj!=null){var str = '(image_address=""http://i.thsi.cn/images/article/logo.jpg"")  返回首页';var showed = 0;try{var oo = obj.previousSibling;while(oo.nodeType!=1 || oo.innerHTML.replace(/\s|\u3000/g,'').length==0){oo = oo.previousSibling;}if(oo.nodeType==1 && oo.tagName.toLowerCase()=='p') {var span = document.createElement('span');span.innerHTML =str;oo.appendChild(span);showed = 1;}}catch (e){}if(showed == 0){obj.innerHTML =str;}}})();
责任编辑：cjh"	2020-02-06 21:58:03
疫情发展带动线上消费激增 生鲜类订单量迅速崛起	"据报道，受新型冠状病毒感染的肺炎疫情影响，近日全国线上消费激增，尤其是生鲜类订单量增长迅速。机构表示，本次疫情发展，或将对当前互联网用户的消费需求和习惯造成一轮根本性的改变。未来，生鲜等非餐配送将崛起，在相关领域布局公司望迎来机遇。金轮股份（002722）投资了生鲜电商食行生鲜，近期受疫情影响，食行生鲜的订单量猛增；国联水产（300094）电商业务获得爆发式增长；苏宁易购（002024）疫情期间苏宁到家业务规模同比增长近4倍。
关注同花顺财经（ths518），获取更多机会
(function(){var obj = null;if(document.getElementById('arctTailMark')) {obj = document.getElementById('arctTailMark');}if(obj!=null){var str = '(image_address=""http://i.thsi.cn/images/article/logo.jpg"")  返回首页';var showed = 0;try{var oo = obj.previousSibling;while(oo.nodeType!=1 || oo.innerHTML.replace(/\s|\u3000/g,'').length==0){oo = oo.previousSibling;}if(oo.nodeType==1 && oo.tagName.toLowerCase()=='p') {var span = document.createElement('span');span.innerHTML =str;oo.appendChild(span);showed = 1;}}catch (e){}if(showed == 0){obj.innerHTML =str;}}})();"	2020-02-06 21:55:26
连续走访了5家药房，一个口罩也没有买到	"疫情之下，整个深圳似乎都变成了空城。不过，有这么一些地方，人气依旧爆棚，甚至还要排队。
“我从大年初三开始就在附近到处找口罩，直到现在才在泥岗村的一家药房买到10个口罩。”在福田区八卦岭，记者见到这位正在到处寻找口罩的程佳，“网上很多关于口罩急缺的段子，看起来有点搞笑，但我就是属于那种情况：家里有4口人，现在只剩下6个口罩，虽说待在家里不需要口罩，但家人出去买菜需要口罩，而且下周就要上班，我很担心。”
(image_address=""https://x0.ifengimg.com/ucms/2020_06/2E0C800B9574A930BDDCE22B05DFD76DEAD96EC5_w693_h923.jpg"")
大年初三，行人在药店门前查看营业公告
从福田的八卦岭沿着红岭路转到梅园路，再到宝安北路，沿路商铺绝大多数都处在关门状态，只有药店的人气依旧。在笋岗梅园路的中港大药房，记者看到药房把疫情相关的药物和消毒产品放在收银台前面，现场已经排起了长队，但记者问起有没有口罩时，得到的答案是否定的，而且何时有货不能确定。
(image_address=""https://x0.ifengimg.com/ucms/2020_06/26C45168821EEDB0E1F7EA39E29149DD388EC918_w693_h520.jpg"")
药店的口罩酒精货架
这时，绝大多数药房都直接在门口贴着大大的告示：口罩酒精缺货。
(image_address=""https://x0.ifengimg.com/ucms/2020_06/1BE082F2476F06E5328853FA52CDB25557A40DCA_w693_h923.jpg"")
药店在明显位置放置告示
而在药店门外，许多车辆都停在路边，“你们店有口罩吗？”许多人摇下车窗大声询问。记者在笋岗友和药房门口观察了5分钟，就有近15人次前来询问有无口罩。而记者连续走访了5家药房，一个口罩也没有买到……
(image_address=""https://x0.ifengimg.com/ucms/2020_06/6E17E1C1F34A57073F3AE986A25FD84F72FC53EB_w693_h390.jpg"")
泥岗一家药房门前，排队买口罩
实体店无法购买，只好求助于互联网。只是，遥遥无期的发货时间，甚至还被客服要求自行退款，这些都是大家在近期遇到的网购“奇遇”。与此同时，不合规格的口罩也充斥网络，深圳警方近期已侦破多起网销口罩诈骗案。
(image_address=""https://x0.ifengimg.com/ucms/2020_06/81BD3DD870E216FF47B58520EE6D7A992C3AB8CD_w299_h719.jpg"")
微信群随处可见的口罩广告
除了网购平台，今年春节最火的微信群莫过于各大药房的群，每天在群里询问有没有口罩到货，成为程佳的每日必做功课。只是，药店群变成了口罩群，各种口罩团购消息让人难辨真假。一个普通的一次性口罩，价格已经炒到每个4元，而且还不一定能买到。以至于有人开始质疑：现在医疗机构都紧张，你们怎么还会有口罩？
目前在深圳，不论是出入公共场合还是乘坐公交、地铁等公共交通工具，都必须佩戴口罩，复工的日子越来越近。没口罩，怎么办？
疫情突如其来，又赶上春节假期，骤增的口罩需求和产能不足的矛盾一下爆发出来。对于防控疫情的传播和蔓延，守护民众健康来说，口罩是最基础也是最重要的防护品。保障口罩供应，稳定口罩购买秩序，消解口罩难买带来的恐慌、焦虑心理，成为对各个城市的一大考验。
最新消息指出，400万个口罩本周末将投放深圳市场，这一消息瞬间刷屏朋友圈。而在深圳，不少市民互相帮助，有的组团从生产企业团购口罩，还有的将家中多余的口罩送给身边需要的人，寄给武汉等地区。
此外，在5日国务院联防联控机制发布会上，发改委社会发展司副司长郝福庆表示，部分医疗资源不足，是大家非常关心的问题。目前各地正在日夜兼程增产。根据初步统计，截至2月3日，全国22个重点省份口罩产量已经达到1480.6万只，比前一日环比增长3.1%，产能利用率达到了67%，环比提高2个百分点。其中，大家都非常关注的N95口罩，已经达到11.6万只，环比增长48%，一线急需的医用N95口罩优先保障。其他的医用口罩是998万只，环比增长36%。增长还是很快的。
愿不会再“一罩难求”，愿疫情早日结束。
附：广东省新型冠状病毒感染的肺炎疫情防控指挥部办公室发布粤防疫指办通〔2020〕2号通告，将“口罩令”的实施范围删除公园，增加了超市、农(集)贸市场。此外还明确提出，个人独处、自己开车或独自到公园散步等感染风险较低时，不需要佩戴口罩；在非疫区空旷且通风场所不需要佩戴口罩。
实施范围
(一)宾馆(酒店)、旅店、招待所、饭馆、咖啡馆、酒吧、茶座;
(二)公共浴室、理发店、美容店;
(三)影剧院、卡拉OK厅、录像厅(室)、游艺厅(室)、舞厅、音乐厅;
(四)体育场(馆)、游泳场(馆)，景区、宗教场所、商业街、步行街;
(五)超市、农(集)贸市场、商场(店)、书店;
(六)候诊室、候车(机、船)室、高速公路服务区、公共交通工具(含网约车、出租车);
(七)展览馆、博物馆、美术馆、图书馆;
(八)其他人群密集或密闭的公共场所。"	2020-02-06 21:55:15
瑞斯康达：捐赠设备近20万元助力湖北疫区应急专线电路开通	"中证网讯（记者 傅苏颖）2月6日，中国证券报记者获悉，瑞斯康达已于2月向湖北电信、联通、移动等运营商陆续捐赠设备近20万元，助力湖北疫区的医疗、防控、物资调配等机构应急专线电路开通，以保障各级医疗及政府物资调配等机构的通信顺利运行。2月2日，武汉蔡甸火神山医院正式交付。瑞斯康达应急专线设备助力湖北武汉电信完成武汉火神山医院医疗专线的业务开通。
另外，为抗击疫情，瑞斯康达已成立应急工作组，2月3日起恢复公司各项工作，公司大厦也做了消毒及防护措施处理，并有序开展抗疫服务，各省一线工作人员也都开启远程等办公模式，全力保证在网设备运行稳定、安全、可靠。"	2020-02-06 21:54:00
“一个人决策”的三五互联竟带来6个涨停板 啥情况？	"(image_address=""//image.sinajs.cn/newchart/new_daily/n/sz300051.gif"")
热点栏目
自选股
数据中心
行情中心
资金流向
模拟交易
客户端
董事长兼总经理一个人拍板！一单意向性重组计划，竟带来6个涨停板！啥情况？
邵好
一单意向性重组计划，带来6个涨停板，竟由董事长兼总经理一个人拍板！三五互联这场任性重组的开年大戏，远比K线图精彩。
_
三五互联5日晚间披露的公告，解密了本次收购的主导者。作为三五互联的实际控制人，龚少晖既不是董事长，也不是总经理，却一手策动了本次收购方案，甚至直接要求上市公司签下协议。对此持有异议的时任董秘、财务总监及证券事务代表，当晚就辞职。
与此同时，三名独立董事则对本次收购计划一无所知，在公告披露后才知晓，只得发函要求公司予以解释说明。
更蹊跷的是，在公司股价一飞冲天之前，龚少晖刚刚做好了减持安排，质押比例高达99.746%的风险也因此迎刃而解。
减持安排+策动重组，贴靠的又是热门的网红概念，这单明显带有一揽子交易痕迹的资本运作，引得交易所发出“是否属于忽悠式重组？”“是否违规？”“公司治理是否有效？”等一连串的考问。
_
一言不合，董秘和财务总监辞职
1月22日，三五互联披露拟筹划重大资产重组的提示性公告，公司拟以发行股份及/或支付现金的方式，收购萍乡星梦工厂科技合伙企业（有限合伙）及其合作伙伴持有的上海婉锐全部或部分股权。
资料显示，上海婉锐经营范围包括利用自有媒体发布广告，文化艺术交流策划，公关活动组织策划，展览展示服务，会务服务。
这是一家MCN机构，其推出的“网星梦工厂”平台专注于网红IP孵化，是当下最热门的“网红”概念。
(image_address=""//n.sinaimg.cn/finance/crawl/789/w550h239/20200206/83a8-ipfprtn0712155.jpg"")
二级市场心领神会，闻风而动。1月22日至今的6个交易日，三五互联股价日日录得涨停，最新收盘价为11.26元/股，股价累计上涨了逾70%。
(image_address=""//n.sinaimg.cn/finance/crawl/723/w550h973/20200206/fd46-ipfprtn0712208.jpg"")
然而，如此重大且对二级市场影响巨大的资产重组计划，竟然都没通过公司董事会审议。
匪夷所思的是，公司在5日晚回复交易所问询时透露，时任公司董秘、财务总监在了解该收购方案后提出不同意见，结果当晚就选择了辞职。
据公告披露，1月21日，龚少晖协调上海婉锐管理层与丁建生及时任董秘、财务总监会谈，并要求签署《重大资产重组意向协议》。
时任董秘、财务总监认为要对标的公司进一步尽调，才能确定是否推进该交易。当晚，二人就宣布辞职。
此后，董事长兼总经理丁建生一人决策，签署了上述协议。公告则通过直通车迅速发了出去。
(image_address=""//n.sinaimg.cn/finance/crawl/793/w550h243/20200206/35e7-ipfprtn0712247.jpg"")
“一个人决策”的三五互联，引来交易所关注函：“是否属于忽悠式重组？”
_
三位独董懵圈，问“啥情况”
更加离谱的是，丁建生在作出上述重大决策之时，甚至都没考虑让董事会其他成员过个目。
1月22日，三五互联披露了此次筹划重组提示性公告，公司三位独董后来在公开渠道才看到消息，对此一无所知，遂向上市公司发函要求说明情况。
对此，三五互联解释称，该交易属于重大事项需保密，所以没有事先告知独董，而原董秘已经离职，相关人员对信披业务不熟悉，没能及时停牌。
(image_address=""//n.sinaimg.cn/finance/crawl/670/w550h120/20200206/7611-ipfprtn0712267.jpg"")
这种解释颇为荒唐，既然时任董秘、财务总监都反对，并用离职来表达抗议，为何三五互联还一意孤行要推进本次重组？
另外，身为董事长、总经理的丁建生，真的连最基本的信息披露规则都不了解吗？
_
“垂帘”老板，任性决策
解铃还须系铃人。一切的疑问最终要从此次交易的推动者——龚少晖身上找答案。
_
对于龚少晖在此次交易中的作用，三五互联是这样描述的：“1月15日，经介绍人推荐，……龚少晖先生接触了解标的公司（即上海婉锐）的基本情况……与标的公司通过几日电话沟通后……1月21日，龚少晖先生协调标的公司管理层……与公司……会谈沟通……实际控制人及标的公司要求公司……于2020年01月21日签署《重大资产重组意向协议》……”
(image_address=""//n.sinaimg.cn/finance/crawl/165/w550h415/20200206/0629-ipfprtn0712303.jpg"")
明显可以看出，整个过程就是：龚少晖就是给上海婉锐打了几通电话，第一次见面就要求上市公司签协议。这位实际控制人确实有有眼光有霸气，一下就看中了收购方，并直接安排上市公司启动方案了。
其实，龚少晖除了是三五互联实际控制人，根本没有其他相关职务，既不是董事长，也不是总经理，本应交出的“法定代表人”，也没有履行。
2019年8月，三五互联选举新一届董事会，龚少晖不再担任公司董事长、总经理，按照《公司章程》：“公司董事长为公司法定代表人”，上市公司向龚少晖发出办理变更法定代表人的通知，可龚少晖因筹划股权转让，直至目前仍未办理相关手续。
_
“神操作”背后有何算盘？
一边计划转让股份，一边还给上市公司安排重组标的，这种看似有悖常理的操作，背后是龚少晖的“如意算盘”。
今年1月10日，龚少晖签订协议，拟将其持有的上市公司1900万股股份（占总股本的5.196%）在满足转让条件的前提下转让给财达证券5号集合资产管理计划（下称“财达5号”）。
同时，龚少晖将该1900万股股份对应的表决权、提名权、提案权、参会权、监督建议权等权利，在转让协议正式签署前委托给财达证券，并将另外1400万股股份（占总股本的3.828%）对应的同等权利委托给财达证券。
彼时，交易所就下发问询函，要求龚少晖就上述减持意向协议说明情况。
(image_address=""//n.sinaimg.cn/finance/crawl/494/w550h744/20200206/e1b4-ipfprtn0712345.jpg"")
需要特别关注的是，龚少晖彼时面临高质押问题，其持有的三五互联1.383亿股股份（占公司总股本的37.815%），已经质押了1.379亿股，质押比例高达99.746%！
减持计划安排妥当，龚少晖大大方方地走进厦门三五互联大厦，上演了霸气火速签重组协议的一幕，三五互联的股价“顺势”扶摇直上。股权质押风险警报，就这么轻而易举解除了！
不得不问一句：“我说了算”的任性节奏是挺震撼，可上市公司的合规性摆哪里了？
责任编辑：王帅"	2020-02-06 21:53:32
市国资委主任王庆山走访联环药业指导疫情防控工作	"2月6日上午，扬州市国资委党委书记、主任、疫情防控领导小组组长王庆山一行来到联环药业（600513）指导企业防疫防控工作。金茂集团党委书记、董事长杨群，纪委书记包庆杰，联环药业党委书记、董事长夏春来，总经理吴文格及相关人员陪同。
王主任向坚守在一线的党员干部和职工群众表示关心和慰问，并代表国资委为联环药业防疫防控工作一线员工送上慰问金。
王主任详细询问了联环药业药品生产保供情况。夏董事长表示，为保证疫情防控需要，公司将科学排产、提高负荷，快速组织生产、提高药品保供数量。
王主任指出，当前疫情形势严峻，国企党员干部要时刻牢记有困难冲在前，把群众的生命安全和身体健康放在首位。同时要把防疫防控工作做深做细，重点困难员工家庭，确保所有人员平稳度过疫情期。
关注同花顺财经（ths518），获取更多机会
(function(){var obj = null;if(document.getElementById('arctTailMark')) {obj = document.getElementById('arctTailMark');}if(obj!=null){var str = '(image_address=""http://i.thsi.cn/images/article/logo.jpg"")  返回首页';var showed = 0;try{var oo = obj.previousSibling;while(oo.nodeType!=1 || oo.innerHTML.replace(/\s|\u3000/g,'').length==0){oo = oo.previousSibling;}if(oo.nodeType==1 && oo.tagName.toLowerCase()=='p') {var span = document.createElement('span');span.innerHTML =str;oo.appendChild(span);showed = 1;}}catch (e){}if(showed == 0){obj.innerHTML =str;}}})();
责任编辑：cjh"	2020-02-06 21:52:04
“最优先级”！上海两场已保障防疫物资运输462吨	"《中国民航报》、(image_address=""//comment.10jqka.com.cn/sourcepic/12/1tC5extagsPxur3NextagAtsaytsay.png"") 记者钱擘 通讯员尚机轩 报道：“新冠”疫情防控进入关键期，目前，上海机场（600009）集团已经把医护人员和防疫物资的运输列为“最优先级”保障任务，成立专项领导小组、制定保障方案。截至发稿时，在各方积极协同下，上海浦东、虹桥两大机场共运送医护人员424人次，运输防疫物资462.75吨。
围绕涉及防疫运输的航班，上海两场运管委平台加强与机场运行指挥中心和承运航空公司的沟通，主动了解需求，协调航班时刻，为航班机位安排提供便利，两场安检部门对涉及防疫的人员和物资开通“安检绿色通道”，机场货运站也在海关指导下为防疫物资入境开通“绿色通道”，做到优先响应、优先协调、优先处理。
截至2月5日，虹桥机场共完成3批次医疗队前往武汉的紧急运输任务，协调保障人员、保障车辆以及防疫物资进入指定区域完成集结，联系空管、塔台优先放行，协调航空公司、安检部门开放5个专用值机柜台、2条安检专用通道，保障了上海各支军地医疗队驰援武汉。两场货运部门也为防疫物资运输全力提供支持，其中浦东机场更承担了大量国外进口防疫物资入港转运武汉的保障任务，浦东机场货运站24小时接收来自全球的空运防疫物资，完成高效通关后马上转运各地。
关注同花顺财经（ths518），获取更多机会
(function(){var obj = null;if(document.getElementById('arctTailMark')) {obj = document.getElementById('arctTailMark');}if(obj!=null){var str = '(image_address=""http://i.thsi.cn/images/article/logo.jpg"")  返回首页';var showed = 0;try{var oo = obj.previousSibling;while(oo.nodeType!=1 || oo.innerHTML.replace(/\s|\u3000/g,'').length==0){oo = oo.previousSibling;}if(oo.nodeType==1 && oo.tagName.toLowerCase()=='p') {var span = document.createElement('span');span.innerHTML =str;oo.appendChild(span);showed = 1;}}catch (e){}if(showed == 0){obj.innerHTML =str;}}})();
责任编辑：cjh"	2020-02-06 21:50:43
四川国际商会抗“疫”在担当	"“疫情就是命令，防控就是责任”。1月31日，四川省贸促会发出《关于抗击新型冠状病毒感染肺炎疫情的倡议书》，四川国际商会副会长单位和常务理事单位积极响应、自觉担当，通过捐款捐物、协调物资、生产保供等多种方式，带头履行疫情防控社会责任；各专委会、会员企业踊跃响应、迅速行动，积极投身和引领行业进行疫情防控。据不完全统计，截至2月6日12点，四川国际商会已有11家副会长单位和常务理事单位进行了捐赠，捐赠款项及物资折合人民币共计近1.9亿元；筹集口罩57.27万只、防护服2.7万件、护目镜1.33万个、手套1.3万双、药品2000瓶。其中：
四川省宜宾五粮液（000858）集团有限公司：向四川省内捐款5000万元，向武汉市慈善总会捐款3000万元，通过系列酒五粮春品牌向武汉市慈善总会捐款1200万元，累计捐款9200万元。
新希望集团有限公司：捐赠现金1500万元设立“三农防疫救助及医护关爱专项基金”，捐赠价值1500万元的医护用品、食品和次氯酸钠消毒剂等物资；新希望兴源环境（300266）承建了火神山医院污水处理工程；旗下新腾数智参与开发“四川群防快线”。
中国东方电气（600875）集团有限公司：通过国务院国资委专用账户向武汉疫情防控一线捐款2000万元。
泸州老窖（000568）股份有限公司：捐赠2000万元医护装备及现金，并紧急启动疫情防控物资、药品全球采购行动。首批物资70000只口罩、1000套防护服、2000瓶药品、13000个护目镜、13000双手套已采购到位并运抵成都。
四川剑南春（集团）有限责任公司：向武汉市和德阳市各定向捐赠1000万元，共计2000万元用于采购医疗物资和器械。
成都华阳建筑股份有限公司：向天府新区定向捐赠300万元，用于购买防护用品，支援一线防控人员。
四川省投资集团有限责任公司：向四川大学华西医院捐赠100万元。
四川海特高新（002023）技术股份有限公司：向四川大学华西医院捐赠100万元；从美国订购20000套防护服捐赠给华西医院、四川慈善总会和武汉相关机构。
四川宏达（集团）有限公司：控股的四川信托有限公司捐款50万元，参加“中国信托业抗击新型肺炎慈善信托计划”。
四川发展（控股）有限责任公司：通过旗下国际公司在欧洲、美洲、日韩、东南亚等地采购紧缺医疗物资，已采购122300个口罩、300个护目镜；组建了31人的第一批应急防疫志愿服务队。
四川省铁路产业投资集团有限责任公司：从海外订购370000只口罩补充防疫物资；向四川大学华西医院和四川省人民医院各捐赠了3000套防护服和5200只N95口罩。
四川华西集团有限公司：动员下属全部驻外机构在全世界范围内努力采购防疫物资。
成都红旗连锁（002697）股份有限公司：启动应急预案，近3100家门店全部正常营业，三大配送中心24小时待命，全力保障市场供应；积极配合政府相关部门运送应急物资。
四川新荷花中药饮片股份有限公司：作为四川省指定的省级医药战略储备单位，1月31日紧急复工、加班生产，目前每天有超过10吨的专用中药饮片发往全国防控一线。
关注同花顺财经（ths518），获取更多机会
(function(){var obj = null;if(document.getElementById('arctTailMark')) {obj = document.getElementById('arctTailMark');}if(obj!=null){var str = '(image_address=""http://i.thsi.cn/images/article/logo.jpg"")  返回首页';var showed = 0;try{var oo = obj.previousSibling;while(oo.nodeType!=1 || oo.innerHTML.replace(/\s|\u3000/g,'').length==0){oo = oo.previousSibling;}if(oo.nodeType==1 && oo.tagName.toLowerCase()=='p') {var span = document.createElement('span');span.innerHTML =str;oo.appendChild(span);showed = 1;}}catch (e){}if(showed == 0){obj.innerHTML =str;}}})();
责任编辑：cjh"	2020-02-06 21:50:20
口罩、防护服、额温枪……他们开启了战疫物资“全球购”模式	"摘要：他们开启了“全球购”模式，通过自身或企业的资源和渠道，在全球范围内搜寻和购买紧缺物资，运送回国，运到一线最需要的地方。
在这场持续的“战疫”中，上海市工商联各级青创组织成员冲锋陷阵、奋力鏖战，在国内救援物资持续紧缺的情况下，他们开启了“全球购”模式，通过自身或企业的资源和渠道，在全球范围内搜寻和购买紧缺物资，运送回国，运到一线最需要的地方。
上海市工商联青创联理事会员单位上海均瑶(集团)有限公司已从全球采购1000万元防疫物资，并表示将不设上限继续采购。2月5日，均瑶集团旗下的吉祥航空（603885）再次“逆行”武汉运送防疫物资。据悉，飞机上共装载1250箱物资，合计约8万件医用连体防护服、4万多只口罩，均由均瑶集团“均瑶全球在行动”机制购自日本、韩国等地。
自疫情发生以来，吉祥航空积极响应均瑶集团“均瑶全球在行动”、“海外快捐”项目，包含此次航班在内，吉祥航空已免费承运包括近200万件口罩、近30万件防护服在内的各类防护物资超过60吨。
普陀区青创联副会长企业波克城市联合波克公益基金会共同宣布设立新型冠状病毒专项基金，面向全球紧急采购多种医疗防护物资，以补充疫区紧缺资源。
奉贤区工商联青年商会副会长单位上海奉贤二建股份有限公司积极筹措，从迪拜一家爱心企业以出厂价购买了5000套防护服，捐赠给冲在防疫第一线的奉贤区南桥镇工作人员们。
松江区工商联青创联会员、洞泾镇商会执委、上海珊泽精密金属制品有限公司董事长吴建刚在美国了解到洞泾镇急需一批额温枪时，立即出发采购，随后又托人在日本购买了一批。为确保及时送达洞泾，他专程从美国“护送”物资回国，于2月4日晚送达，还安排人员购买飞机票专程飞往日本，将另一批额温枪运回。
金山区工商联副主席、区青创联会长、上海嘉乐股份有限公司总经理高庆锋通过各种渠道从日本、韩国、印尼等国采购到20万只口罩，已于2月1日快递回国。另外，高庆锋已购额温枪100个，将由本人带回国。
关注同花顺财经（ths518），获取更多机会
(function(){var obj = null;if(document.getElementById('arctTailMark')) {obj = document.getElementById('arctTailMark');}if(obj!=null){var str = '(image_address=""http://i.thsi.cn/images/article/logo.jpg"")  返回首页';var showed = 0;try{var oo = obj.previousSibling;while(oo.nodeType!=1 || oo.innerHTML.replace(/\s|\u3000/g,'').length==0){oo = oo.previousSibling;}if(oo.nodeType==1 && oo.tagName.toLowerCase()=='p') {var span = document.createElement('span');span.innerHTML =str;oo.appendChild(span);showed = 1;}}catch (e){}if(showed == 0){obj.innerHTML =str;}}})();
责任编辑：cjh"	2020-02-06 21:47:07
富士康开始生产口罩 2月底日产能可达200万只	"原标题：工业富联：首次导入口罩生产线并于2月5日顺利实现试产
e公司讯，为抓紧弥补口罩这一重点医疗防控物资缺口，在运用全球布局优势采购储备防疫物资的同时，工业富联近日在集团龙华园区首次导入口罩生产线，并于2月5日顺利实现试产，目前正在申请产品资质认证中。借助自身在生产管理、市场协同、技术输出等方面的能力与优势，打通原材料采购、设备制造、产品生产等全产业链，从源头增加医用口罩的生产供应。相关产能预计在2月底可达到日产200万只。"	2020-02-06 21:46:20
接近监管人士：资管新规过渡期预计延期一年 特殊情况将特殊处理	中证网讯（记者戴安琪）日前有媒体报道称，对于2020年末依然难以处置的存量资产，处置时间或可延长到2021年末。中国证券报记者6日从接近监管人士处获悉，资管新规过渡期预计将延期一年，对于特殊情况将特殊处理。	2020-02-06 21:46:16
利欧股份：拟捐赠现金和医疗物资合计300万元	"中证网讯（记者 董添）利欧股份（002131）2月6日晚间公告，公司拟捐赠的现金和医疗物资合计金额约300万元，用于防疫工作。
2月6日，公司与温岭市慈善总会签署《抗击疫情捐赠协议书》，公司向温岭市慈善总会捐赠现金240万元。其中的200万元将通过温岭市慈善总会定向捐赠给“浙江大学教育基金会树森?兰娟院士人才基金”， 专项用于支持该基金针对新型冠状病毒开展研发和诊疗活动。剩余资金将通过温岭市慈善总会用于温岭市防控疫情所需物资和经费。
此外，根据上述总体方案，目前公司已安排境外子公司利欧中东公司采购了1万个医用口罩和10万件医用手套（合计价值60万元），将定向捐赠给温岭市红十字会。"	2020-02-06 21:45:00
野生动物养殖场产业链秘密：毛皮有人收购，肉送到肉联厂	"连日来，多部门连连发出公告，严禁任何形式的野生动物交易。多地也对饲养、繁育野生动物场所实施隔离。但据第一财经记者了解，“拒吃野味”仍存在漏洞。
有多位行业人士向第一财经记者反映，多年来，养殖场出来的狐狸肉、貂肉、貉子肉等野生动物肉体被送到肉联厂或小作坊，加工成烤肠或火腿肠。在一些专业期刊上，甚至有专家指导如何将这些野生动物的肉加工成美味食品，上市销售。
行业内的秘密？
河北省昌黎县有近30年的狐、貉、貂养殖基础，皮毛产业已经成为当地的特色产业，养殖总量保持在800万只左右，占全国十分之一，貉皮总产量居全国首位。
昌黎县也是全国最大的皮张交易中心，年交易皮张1500万张、活体50万只，年产值保持在80亿元至100亿元之间。昌黎县曾被中国农学会特产学会授予“中国皮毛产业基地”和“中国养貉之乡”称号。全县已形成了完整的水貂和貉子养殖、良种繁育、饲料兽药、商贸、加工、物流等产业链。
第一财经记者此前在当地采访时，一家养殖场负责人称：“毛皮有人收购，肉也有人要，送到肉联厂。”而当记者进一步询问时，对方显得有些紧张，只是说“这是行业内都知道的秘密”。
河北某集团养殖场一位负责人向第一财经记者介绍，每张貉子皮可卖500元左右，每只貉子养殖成本约200元，效益还是不错的。但如果养殖过程出现问题，皮子质量不好，也有不赚钱的。
皮子不好，不影响卖肉。
据公开报道，2014年6月，山东检验检疫局食品农产品检测中心展示了该中心检测出的含有狐狸肉和貂肉成分的羊肉制品。
在一家食品招商网上，第一财经记者也查询到有水貂肉、貉子肉出售。貉子肉的批发价格为每公斤2.2元，远低于猪肉和牛肉的价格。
(image_address=""https://x0.ifengimg.com/ucms/2020_06/59EFE4567C0929B4E66F86CDFEE2851E9CC533BA_w640_h371.png"")
某食品商务网上，出售貂肉及相关绞肉设备的信息。
甚至还有医学科普公众号发文表示，“2块钱，如果想吃到牛肉肠或猪肉肠，那基本上是不可能。”“正规一点的厂家会用鸡肉，一般主料是鸡大胸、鸡皮、鸭皮，然后就是主要增香物质——猪肉香精、红曲红色素、防腐剂，再者就是降低成本的填充剂淀粉。有的厂家可能会用狐狸肉、貂肉等。因为这些肉来源于养殖场，养殖场只要毛皮，肉一般是免费的。”
在一家集纳各类学术期刊的专业网站上，第一财经记者查询到《貉肉的开发和利用》《孜然貉肉灌肠的研制》《貉副产品综合利用的研究：貉屠体肉的利用》等多篇论文。
其中提到“貉是我国东北地区的一种重要野生动物资源，近年来各地人工饲养较多。”“多数野生动物饲养场，在屠宰取皮后，有的将貉子肉粉碎作为毛皮动物的饲料，有的以十分便宜的价格处理掉，甚至废弃”，而“加工成食品可以为饲养场（户）创造更高的利润”。
有专家在论文中指导称，“由于貉胴体较小，不易剔除，貉肉又稍具土腥味，因而采用制‘红烧罐头’的工艺，并在配方中注意添加能祛土腥味的佐料，以提高产品的风味和可口性。”“为消除貉肉异味，提高食用性，选用‘麻辣川肠’配方及其工艺，主要加工步骤包括解冻-洗净-剔除肌腱、结缔组织和脂肪-切小块-清水浸泡-绞碎-配佐料-腌制-罐肠-蒸煮-熏烤等。”
有业内专家还进行过测算，平均每公斤香肠原料成本为5.98元，如以10元/公斤出售，每公斤可获毛利4.02元。如每年加工1万只貉胴体，可出麻辣川肠14737公斤，可获毛利5.9万元以上，效益可观。
(image_address=""https://x0.ifengimg.com/ucms/2020_06/9478E29A0168CAAB511B6B8DE1FBCEFB23D4F7CC_w640_h430.jpg"")
河北省昌黎县一家貉、貂养殖场。摄影/章轲
养殖场里的野生动物肉有隐患
养殖场出来的貂肉、貉子肉等野生动物肉体，是不是安全的？有业内人士称，与猪肉、牛羊肉要经过严格的检验检疫不同，貂肉、貉子肉由于通常只是取用毛皮，其肉类通常不被列入肉类食品原料范围，大多没有检验检疫。
青岛农业大学动物科技学院任桥等专家介绍，2012年2月25日，青岛红岛一水貂养殖场水貂出现发病症状，接着大批死亡。调查发现，该养殖场饲喂自家配制的混合饲料，将生鱼、鸡头、鸡蛋、猪肝与膨化玉米面拌匀、和稀后进行饲喂。患病水貂症状表现为精神沉郁，食欲下降或不食。大部分水貂后肢瘫痪，发病急，死亡率高。通过病理剖检及实验室检验，初步诊断为水貂肉毒梭菌中毒。
任桥介绍，水貂肉毒梭菌中毒是由于食入含有肉毒梭菌毒素的肉类饲料引起的一种急性致死性中毒。肉毒梭菌的芽孢分布广泛，动物肠道内容物、粪便、腐败尸体、腐烂饲料中经常含有肉毒梭菌。该菌在动物尸体、肉类、饲料内繁殖产生毒素。水貂肉毒梭菌中毒的传染源主要是被该菌污染的饲料。
中国医学科学院实验动物研究所鲍琳琳等专家介绍，通过选用人源H5N1亚型禽流感病毒A/Vietnam/1203/2004对雪貂进行人工感染试验，结果显示，人源H5N1型禽流感病毒可以感染雪貂，应用的病毒滴度死亡率为33%。感染后的雪貂，除气管和肺组织外，还可在其心、肝、脾、肾、小肠、脑组织中分离到病毒，说明该病毒能够侵染雪貂的肺、脑、肝、肾等多种器官并造成神经系统感染，这与感染人的H5N1禽流感病毒毒株具有共同的特性。
此外，有业内人士告诉第一财经记者，为增加水貂、貉子等皮毛的光鲜度，养殖户在养殖过程中通常会添加一些激素，而人食用这些动物后，会对身体造成伤害。
此次新冠肺炎疫情发生后，十九名院士学者曾联名呼吁，杜绝野生动物非法食用和交易，从源头控制重大公共健康危机。呼吁信称，驯养繁殖野生动物存在漏洞，经常有名为保护、驯养或者养殖，实为非法收购、贩卖和食用野生动物的情况，为野生动物的贸易和食用埋下隐患。
据第一财经记者了解，近日，福建、广东、海南、云南等多地封控野生动物人工养殖场、繁育场，禁止野生动物对外扩散和转运贩卖。
“关于野生动物的交易和食用，主要不是立法问题，更多的则是执法不严的问题。”甘肃政法大学教授史玉成说。
国家公园和自然保护地标准化技术委员会委员冉景丞日前也表示，应加大对野生动物繁育技术的科学研究，对那些可以促进经济发展、促进脱贫致富和农村就业的物种，鼓励开展技术研究，公布技术标准。对人工繁育的野生动物进行定点加工，严格检疫手续。"	2020-02-06 21:39:11
接近监管人士：资管新规过渡期预计延期一年 特殊情况将特殊处理	"中证网讯(记者戴安琪)日前有媒体报道称，对于2020年末依然难以处置的存量资产，处置时间或可延长到2021年末。中国证券报记者6日从接近监管人士处获悉，资管新规过渡期预计将延期一年，对于特殊情况将特殊处理。
关注同花顺财经（ths518），获取更多机会
(function(){var obj = null;if(document.getElementById('arctTailMark')) {obj = document.getElementById('arctTailMark');}if(obj!=null){var str = '(image_address=""http://i.thsi.cn/images/article/logo.jpg"")  返回首页';var showed = 0;try{var oo = obj.previousSibling;while(oo.nodeType!=1 || oo.innerHTML.replace(/\s|\u3000/g,'').length==0){oo = oo.previousSibling;}if(oo.nodeType==1 && oo.tagName.toLowerCase()=='p') {var span = document.createElement('span');span.innerHTML =str;oo.appendChild(span);showed = 1;}}catch (e){}if(showed == 0){obj.innerHTML =str;}}})();"	2020-02-06 21:37:25
延安必康与图微安创建立战略合作 共同开发治疗组织纤维化多肽药物	"中证网讯（记者 何昱璞）延安必康（002411）2月6日晚间发布公告，公司近日与深圳市图微安创科技开发有限公司(简称“图微安创 ”)签署《战略合作协议》。双方经协商一致，达成战略合作协议。合作伙伴关系建立后，双方将充分发挥双方优势、提高竞争力，共同进行市场开拓。
公告显示，图微安创是一家从事1.1类创新药物研发的高新技术企业，主要聚焦于开发治疗组织器官纤维化的多肽药物。图微安创设计并研发了基于 EDPs 靶点的抗肺纤维化1.1类多肽药物 TB- B002 该多肽药物正处于正式的临床前研究 IND 阶段，该药物在应对当下新型冠状病毒感染的肺炎患者的治疗以及未来出院病人进一步的康复治疗具有重要临床价值。
延安必康表示，公司与图微安创基于充分发挥双方优势的基础上，建立紧密的战略合作伙伴关系，有利于加快公司战略布局的实现，提升公司医药 制造产能的综合利用率，提高公司盈利水平和市场竞争力，促进公司持续、健康、稳步发展。
同日公司公告称，为了以实际行动支持新型冠状病毒的防疫工作，公司下属孙公司必康新沂拟将原有实验室改造为 P3 国家实验室，为抗击疫情，全力研发新型的抗病毒药物，同时承接全球大型药企在中国进行新型抗病毒药物的委托研发与生产。必康新沂实验室总面积 5672.35 平米，为独立建筑，本次全面进行改造为P3国家实验室。同时，紧邻该实验室为原实验室配套动物房，面积 866.88 平方米，可继续为P3国家实验室生物制药研发提供配套功能。原必康新沂研发大楼B段二层和三层的实验室，继续 承担原有普通药品研发、检验功能。本次改造预计投资1亿元，为公司自筹资金。
同时，必康新沂为口罩等疫控防护产品生产线的投资和建设主体，目前公司正在推进口罩等疫控防护产品生产线项目投资建设主体必康新沂的经营范围变更工作，通过政府绿色通道尽快获取口罩等相关产品生产、经营许可资质，预计将在2月中旬完成。在生产设备和原辅材料采购工作方面已完成预沟通，预计生产所需设备和物资可于2月中旬开始陆续到场调试安装，并于2月底达到规划产能，项目的总投资金额拟不超过5000万元。"	2020-02-06 21:37:00
中央一号文件：支持建设一批骨干冷链物流基地 2020年冷链物流市场规模将近4700亿元	"(image_address=""//comment.10jqka.com.cn/sourcepic/12/1tDJzMfpsajNextagAtsaytsay.png"")讯：2月5日，新华社受权发布《中共中央国务院关于抓好“三农”领域重点工作确保如期实现全面小康的意见》。这是21世纪以来第17个指导“三农”工作的中央一号文件。文件指出，2020年是全面建成小康社会目标实现之年，是全面打赢脱贫攻坚战收官之年。党中央认为，完成上述两大目标任务，脱贫攻坚最后堡垒必须攻克，全面小康“三农”领域突出短板必须补上，这是2020年两大重点任务。
此外，文件加强现代农业设施建设。提早谋划实施一批现代农业投资重大项目，支持项目及早落地，有效扩大农业投资。启动农产品仓储保鲜冷链物流设施建设工程。加强农产品冷链物流统筹规划、分级布局和标准制定。安排中央预算内投资，支持建设一批骨干冷链物流基地。
据了解，冷链物流泛指产品在生产、贮藏运输、销售，到消费前的各个环节始终处于规定的温度区间，以保证产品质量、减少过程损耗的一项系统工程。它是随着科学技术的迚步、制冷技术的发展而建立起来的，是以冷冻工艺学为基础、以制冷技术为手段的低温物流过程。近几年，冷链已成为市场竞相追逐的热门领域。冷链市场参与主体主要有：冷链物流企业、快递企业、传统物流企业。
(image_address=""http://e.thsi.cn/img/6e36ee2257167337"")
随着国内消费能力的提升，以及生鲜电商依托移动互联网逐渐成熟，对于冷链的客观需求不断提升。2017年中国冷链物流市场规模为2386亿元，根据《中国冷链发展报告》的预期，预计2020年，市场规模将近4700亿元，年增速保持在25%左右。
(image_address=""http://e.thsi.cn/img/bb50b76ef0ae3e06"")
数据来源：中物联冷链委中商产业研究院整理
更多资料请参考中商产业研究院发布的《2020-2025年中国农产品冷链物流行业市场前景及投资机会研究报告》,同时中商产业研究院还提供产业大数据、产业规划策划、产业园策划规划、产业招商引资等解决方案。
关注同花顺财经（ths518），获取更多机会
(function(){var obj = null;if(document.getElementById('arctTailMark')) {obj = document.getElementById('arctTailMark');}if(obj!=null){var str = '(image_address=""http://i.thsi.cn/images/article/logo.jpg"")  返回首页';var showed = 0;try{var oo = obj.previousSibling;while(oo.nodeType!=1 || oo.innerHTML.replace(/\s|\u3000/g,'').length==0){oo = oo.previousSibling;}if(oo.nodeType==1 && oo.tagName.toLowerCase()=='p') {var span = document.createElement('span');span.innerHTML =str;oo.appendChild(span);showed = 1;}}catch (e){}if(showed == 0){obj.innerHTML =str;}}})();"	2020-02-06 21:35:34
复产复工 湖南长沙主城区26家农贸市场恢复营业	"(image_address=""//comment.10jqka.com.cn/sourcepic/12/0evK0834.png"")消息：从2月3日开始，湖南各地的企业单位开始陆续地返岗复工，长沙市的各大超市、农贸市场等这两天也在陆续地恢复营业，天心区是长沙的主城区，也是长沙最主要的商贸区，从4日开始，辖区内的26家农贸市场全部开门营业，所有的农贸市场也都严格落实了防疫的举措，农贸市场内的物品供应也比较充足。
关注同花顺财经（ths518），获取更多机会
(function(){var obj = null;if(document.getElementById('arctTailMark')) {obj = document.getElementById('arctTailMark');}if(obj!=null){var str = '(image_address=""http://i.thsi.cn/images/article/logo.jpg"")  返回首页';var showed = 0;try{var oo = obj.previousSibling;while(oo.nodeType!=1 || oo.innerHTML.replace(/\s|\u3000/g,'').length==0){oo = oo.previousSibling;}if(oo.nodeType==1 && oo.tagName.toLowerCase()=='p') {var span = document.createElement('span');span.innerHTML =str;oo.appendChild(span);showed = 1;}}catch (e){}if(showed == 0){obj.innerHTML =str;}}})();
责任编辑：cjh"	2020-02-06 21:34:40
IGN日本：PS5的目标是比Xbox Series X便宜 而微软则是追求更高性能	"原标题：IGN日本：PS5的目标是比Xbox Series X便宜而微软则是追求更高性能来源：3DMGame 
之前，索尼的首席财务官十时裕树就表示，PS5的价格尚未确定，但是最近的一次直播活动中，IGN日本表示，PS5的目标是比Xbox Series X便宜而微软则是追求更高性能。
访问购买页面:
游戏外设自营专区
(image_address=""http://e.thsi.cn/img/d8b4787c6a0f2335"")
根IGN日本在直播的发言，Xbox Series X的目标是要比PS5的性能更强大，拥有更强大的内部结构。因此，索尼PlayStation的目标是希望提供更便宜的两款游戏主机。换句话说，Xbox Series X正在增强性能方式，而PS5正在寻找定格合理的方式。该消息来自IGN日本的总编Shin Imai，他在最近的一次直播中提到了上述信息。
IGN日本的主编Shin Imai说：“Xbox Series X无疑希望获得比PS5更好的性能。在规格方面存在一些差异，因此PS5的目标是比Xbox Series X便宜。”
关注同花顺财经（ths518），获取更多机会
(function(){var obj = null;if(document.getElementById('arctTailMark')) {obj = document.getElementById('arctTailMark');}if(obj!=null){var str = '(image_address=""http://i.thsi.cn/images/article/logo.jpg"")  返回首页';var showed = 0;try{var oo = obj.previousSibling;while(oo.nodeType!=1 || oo.innerHTML.replace(/\s|\u3000/g,'').length==0){oo = oo.previousSibling;}if(oo.nodeType==1 && oo.tagName.toLowerCase()=='p') {var span = document.createElement('span');span.innerHTML =str;oo.appendChild(span);showed = 1;}}catch (e){}if(showed == 0){obj.innerHTML =str;}}})();"	2020-02-06 21:26:19
泸州老窖：科学部署复工复产 坚决完成2020发展目标	"原标题：泸州老窖：科学部署复工复产 坚决完成2020年发展目标
岁末年初，各行各业都感受到新冠肺炎疫情带来的寒意。如何在保障员工健康安全的前提下有序恢复生产已成为当前各家企业不可回避的重要议题。
2月4日，泸州老窖（73.890， 1.49， 2.06%）股份有限公司召开党委成员及经理层会议，专题研究部署复工复产及稳定市场销售相关问题。
据悉，此次会议重点分析了疫情对市场销售的影响、研究了确保销售体系正常复工、稳定销售渠道等措施。泸州老窖表示，公司将采取有力措施，科学做好疫情防控，及时应对市场变化，全力支持广大经销合作伙伴将疫情影响减至最小，携手完成2020年各项发展目标。
科学部署，五大措施保生产
根据会议精神，泸州老窖将采取五大措施做好复工复产工作。
具体来看，对于销售片区的员工，根据目前所在区域，就地上班，不交叉流动，充分利用网络和电话推进工作，做好沟通服务；对于酿酒生产、技改项目及后勤保障体系的在泸员工，在保障产能和品质的情况下有序复工，严格管理；对于职能部门的员工，鼓励暂时在家办公或安排错峰办公，采取轮班制并固定每次轮班的人员，尽可能减少人员集聚；对于从外地返泸的员工，将严格按上级要求做好隔离观察，确保员工及家人健康安全。
与此同时，泸州老窖销售体系亦提出“三不变，三加强”的应对策略，全力以赴做好疫情之年销售攻坚。“三不变”是指战略不变、目标不变、任务不变；“三加强”是指加强销售攻坚、加强营销创新、加强支撑保障。面对当前严峻的疫情防控形势，以及日益激烈的市场竞争，泸州老窖全体员工意识到必须保持头脑清醒、态度坚决，坚持既定目标不动摇，坚决快速开展销售攻坚。
此外，在对抗疫情方面，泸州老窖反应迅速、主动担当。1月27日，泸州老窖股份有限公司紧急召开临时董事会会议，通过了捐赠2000万元医疗防护装备及现金的议案。1月25日深夜以泸州老窖香港国际发展公司为主体紧急发动全球合作伙伴在海外展开防疫物资采购工作。首批国内急需的口罩、防护服和抗病毒药品等疫情防控物资已于1月29日运抵成都，为奋战在一线的医护人员解了燃眉之急。目前，泸州老窖正积极协调全球资源持续开展疫情防控物资的采购工作及抢运工作，采购物资涉及到全球十几个国家，已紧急采购了160多万个口罩、6万多套防护服、50多万副防护手套、2000多套手术服、2000多副护目镜和2000多瓶抗病毒药品，以及其他一大批疫情防控应急物资，并动用一切力量、克服困难抢运回国。据悉，第二批、第三批物资也已陆续运抵国内。
对于泸州老窖抗击疫情的部署，资本市场相对乐观。招商证券（17.480， 0.31， 1.81%）研报表示，泸州老窖业绩具备保障，估值回落凸显价值，高端白酒景气度给予泸州老窖充足量价空间，国窖1573来年提价效应保障，特曲换新提价梳理，业绩预测确定性较高。当前持仓和估值回落背景下，安全边际已充足。
有信心、更有能力保证完成2020年各项经营任务
从泸州老窖近年来耀眼的发展实绩可以看出：科学务实的战略战术是泸州老窖成长发展的基石；广大客户和消费者的信任支持是泸州老窖赶超跨越的动力；浓香鼻祖始终如一的优异品质是公司最大的财富；戮力同心、勇担责任的泸州老窖国窖人更是复兴崛起、再创佳绩的核心竞争力。
从2015年起，泸州老窖在挫折中奋起、历经磨砺而终成利刃，迅速完成了实现市场站稳，到重回良性快速发展通道，再到重回百亿并创历史新高等一系列飞跃，更奠定了加速冲刺的良好基础，蓄积了赶超跨越的强劲势能。此次新型冠状病毒疫情发生以来，泸州老窖始终反应迅速、举措有力，有效维护了广大员工生命健康安全，主动承担起国有企业社会责任，通过科学部署复工复产举措，保障了2020年各项经营工作有序开展。
回顾2019年，泸州老窖取得了不俗的成绩。当年，公司顺利完成了2019年生产经营工作的各项任务，优质产能全面扩充，已具备规模发展、快速扩张的品质根基；品牌复兴稳步迈进，两大核心品系正在迎来历史性、根本性复兴；管理体系显著提升，企业治理更注重规划、注重制度、注重时效；产品保障加速升级，行业最大规模智能化酿酒基地投粮出酒，覆盖全产业链的智能化供应链体系加快升级，从农田到餐桌质量溯源体系真正“让中国白酒的质量看得见”。
国信证券（11.550， 0.19， 1.67%）研究认为，整体来看消费景气类指标与防疫演变阶段具有一定同步性。若疫情受控后终端需求回稳、渠道库存消化情况良好，优质白酒龙头调整后估值具备安全边际，将具配置良机。
展望未来，泸州老窖将紧紧围绕2020年“坚定决心、增强信心；从严管理、重点稽核；人才提升、全面攻坚”的发展主题，积极践行“十年品牌靠营销、百年品牌靠质量、千年品牌靠文化”的发展理念，坚定沿着泸州老窖的复兴之路阔步前行，始终做广大合作伙伴的坚强后盾，用更大的成绩、更多的分享全面开创泸州老窖高质量发展的新纪元。
责任编辑：王帅"	2020-02-06 21:25:00
疫情下的商业地产：客流锐减、还贷压力、减租，以及被倒逼的风险管理	"(image_address=""https://x0.ifengimg.com/ucms/2020_06/9E81F7F7721A6E03CE7BD3FB085215D5059EA3E8_w1080_h685.jpg"")
受疫情影响，几乎所有购物中心的客流和销售额都在大幅度下滑。对商业地产商来说，这也是一场风险管理的最佳实践。
文｜《中国企业家》记者李艳艳编辑｜徐昙头图摄影｜李艳艳
北京。朝阳大悦城。
2020年春节刚过，广场内外空空荡荡。五光十色的品牌广告不见了。大悦城楼体内外的数字大屏上，循环播放着“防疫”相关的视频和大幅标语。
(image_address=""https://x0.ifengimg.com/ucms/2020_06/500C7F1F482E56C3967247918F1666C9D38684EA_w600_h450.jpg"")
摄影：李艳艳
进门前，保安会拿着体温测试仪，在顾客的手腕上轻轻一点。一楼的化妆品、快消服装、饮品店中，只有员工四散而坐。中间楼层的餐饮、影院等娱乐休闲区几乎全部闭店，偶尔有外卖小哥提着袋子匆匆跑过。包裹严实的顾客走上楼梯，彼此皆无言语。
从早上九点半到下午六点，饮品店小王一共卖掉3杯奶茶。年前这个数字至少是300杯。小王形容自己上班的感觉跟放假没区别，“就是换个地儿打游戏”。他预感，商场再这样冷下去，自己可能要失业了。
“不好意思，我们要休息了。”与饮品店隔中庭相望的一家网红休闲书店里，员工小许正张罗着闭店。他刚收到通知，商场计划18点关门，周末延至20点，这个时间安排会持续到2月9日。书店旁，一位保洁阿姨开着电动消毒工作车缓缓驶过。
“利用春节，好好再打一仗。”这是春节前张莉的想法。而现在，她安慰自己，“不以盈利为目的”，“顾客退订要理解”。张莉是龙湖长楹天街某知名网红餐饮品牌的店长。
在她的概念中，春节是餐饮业“赚钱的时候”。但2020年春节期间，她负责的这家店损失了近50万，因为订餐被退掉100多桌，“光年夜饭就退了60多桌”。最近，集团要求门店成立疫情防护小组，她担任组长，负责安排前厅后厨的员工给餐厅消毒，为顾客做登记、量体温。按照防疫要求，餐厅内座位间的距离要拉大，由此，店里百十个座位缩减了一半。即便如此，一天的顾客也不过两三桌。
(image_address=""https://x0.ifengimg.com/ucms/2020_06/AA9E926880A25C2EE6A6AAA362D58754093BF7D4_w1080_h810.jpg"")
摄影：李艳艳
位于北京核心商圈的国贸万达广场，境况类似。万达方面回应称，为了确保城市消费供给，集团决定在做好安全措施的情况下，保证万达广场营业。但用万达两位员工的话来概括，年后至今，“除了超市，商店基本都停业了”，“商场里除了保安和保洁，顾客寥寥无几”。
喧嚣难再的朝阳大悦城、龙湖长楹天街、国贸万达广场都是北京热门的消费地标。在疫情影响下，如何应对，已不只是商户要考虑的问题，更是商业地产开发运营者自身的当务之急。
“如果疫情持续三个月，估计能活下去的不多了。”谈到商业地产的生存趋向，万科集团高级副总裁、印力集团（万科旗下商业地产平台）董事长兼总裁丁力业难掩焦虑。在他的切身感受中，这次疫情对消费市场产生了很多影响，“特别是商业地产，要面临客流的急剧下降，商户的减租，还有银行的还贷压力”。
“2020注定是不平凡但充满希望的一年，疫情亦给我们正常经营带来了前所未有的困难和挑战。”此前不久的1月31日，印力集团在“致印力合作伙伴的一封信”中如此写道。这句话，或可成为当下多数商业地产商的生存注脚。
近期，全联房地产商会商业地产工作委员会发布《购物中心行业抗击疫情专项调查报告》指出，2020年春节期间，几乎所有购物中心的客流和销售额都在大幅度下滑。为此，商业地产运营商普遍将采取下调租金、管理费、物业费等作为主要支持方式。
“做公益没有那么多商业层面的考虑。”提及减免租金的考虑，某TOP级商业地产开发商高管回应果断。在对商户减租、追加资金投入的同时，多家商业地产运营商为留住租户也在尝试更多措施，并在“捂紧口袋”的同时，探索其他生存机会。
正如戴德梁行研究院首席政策分析专家魏东所言，“风险管理中的最佳实践至关重要。”因此，她提出建议，商业地产应更注重精细化管理，同时，企业要采取更为保守的财务策略。“拥有足够的现金和良好的信用额度，才能有效抵御风险和不确定性事件对公司产生的负面影响。”
商业地产运营商的“疫情攻防战”，已然打响。
减租进行时
一场针对商户的大型租金减免计划正在进行。
机构统计称，除去租金全部减免，租金减半方式亦成为近七成商业地产运营商的选择。不少开发商通过调整营业时间来控制部分运营成本。
(image_address=""https://x0.ifengimg.com/ucms/2020_06/97A31AE4A9063E2A427964689164CBA84A05A226_w1080_h810.jpg"")
春节期间的北京世贸天阶商圈。摄影：许虎虎
综合公司通告、机构数据等公开资料不完全统计，截至2月5日，推出减租政策的商业地产开发商已超过80家。其中，减租时间最短为6天，最长为66天。有行业人士统计称，目前各房企主动减免的租金总额已近百亿元。
万达是国内率先提出减免租金的商业地产运营商。
1月28日，公司对外宣布称，自1月24日-2月25日期间，万达商管集团将对全国各地所有万达广场的商户租金及物业费实行全免政策。据万达方面提供的数据，截至2019年底，已在全国累计开业323座万达广场。此次减租政策落地后，预计减免费用将超过40亿元。
近些年在商业地产方向快速扩张的新城控股，在1月30日也宣布租金减免政策。
其称，旗下分布全国各地的吾悦广场，对全体商户自1月25日至2月13日期间的租金，实施减半政策。新城控股方面称，目前公司在全国范围内已开业吾悦广场64家，其中自持经营的吾悦广场均按前述政策执行，预计租金减免总额逾亿元。不过，对于委托经营的轻资产项目，公司将与业主方沟通一致，再按相同政策执行。
“商业消费领域受此次疫情影响比较大，各品牌商家在近期经营上承受了一定压力。”新城方面有关负责人回应称，春节原本是消费旺季，商家大都在节前做了很多准备，包括储备货物等。当前正处特殊时期，考虑到品牌商家的实际困难，所以做出了减租决定。
至于公司后续是否还有进一步措施，新城方面回应称，会持续关注疫情发展情况及其对商业消费领域的影响，与品牌商家共渡难关。
龙湖是目前已宣布减免租金的企业中，减免天数最多的一家。1月30日，龙湖集团正式宣布，对旗下商场所有商户，2020年1月25日（农历大年初一）至2020年3月31日期间，租金费用（含物管费、推广费）减半。
龙湖商业表示，随着疫情不断发展，商户经营工作受到不同程度影响。公司希望借助租金减免，消解商户部分经营压力，并与商户共克时艰，抗击疫情。
除了租金减免，在疫情防控上，国内大多数商业地产运营商都在增加投入，比如调整经营时间，加强新风、排风安排，密集进行消毒。此外，还有企业发出倡议，要求全力维持企业线上线下渠道顺畅运转。
多位受访的行业人士表示，各家开发商采取减免房租的做法，既是短期内的公益选择，也是长期的商业选择。中指集团副总裁兼大数据中心总经理葛海峰长期研究国内商业地产市场，最近有很多商业地产开发商跟他“倒苦水”。他判断，当下商业运营商减免租金，是避免疫情过后加重损失的有效举措。
“不管是租户还是业主，都是这个突发疫情的受害者，如果能够给租户在租金和物业费方面进行部分减免，不但可以减轻租户的成本负担，同时也能够给租户更多信心，让企业在大灾面前更有担当，树立更好的企业的社会形象。”魏东称。
不过，有行业律师提醒，商户与运营主体应注意防范疫情结束的后续问题。
江苏法舟律师事务所彭钊提醒，在疫情结束后，建议中小微企业主动与出租人通过协商，以正式书面方式提出解决因疫情所发生的租金减免问题，避免出现之前承租人关于减免“非典”期间租金之主张超出诉讼时效的法律风险。
“在疫情将持续一定时段的情势下，没有任何企业和人是真正的强者，任何法律主体都将并应在法律的框架内努力寻求损失的最小化。”彭钊称。
困难前所未有
最近，国内某TOP级商业地产开发商高管频繁斡旋于公司、商户、银行之间。现在及将来一段时间，他不得不面对商户租金减免后，公司自身的生存问题。“我给小租户减免租金，谁为我们着想？如果我们不在了，租户和消费者又如何？”他向《中国企业家》如此感慨称。
“目前国家金融层面的政策，当地银行还没有对策，所以我们都在给当地政府提（建议）。”该高管称。
“整个春节，七天客流仅相当于去年同期1天客流量。”美的商业公开表示，疫情所致，购物中心的客流与销售额跌幅很大。包括减租成本、防护耗材、营运成本以及品牌闭店等成本在内，美的商业需承担的损失达数千万。
(image_address=""https://x0.ifengimg.com/ucms/2020_06/C96F44D206C0CBDB2F13FAFE73AFFD6E4BB315E5_w1080_h810.jpg"")
摄影：李艳艳
“由于疫情影响，导致实体商业基本没有客流，对商户、对业主都产生了打击。”在魏东看来，如疫情在短期内不能控制，不管是企业还是租户，都将面对更为严峻的挑战。
更为严峻的挑战可能是什么？
近日，广东省餐饮服务行业协会为了解新型肺炎疫情对广东省餐饮行业的影响，做了一个问卷调查。调查报告称，“春节期间，30%持续营业的企业同比营收下降五成以上，其中30%的企业收入几乎为0；绝大部分企业面临租金、人工、能耗、税收等多重成本压力，客流、现金流严重不足的困境如无法得到及时缓解，将在1-2月内引发闭店潮。”
在魏东看来，此次疫情后，政府应更多地支持企业，尤其是帮助在此次疫情中损失惨重的中小企业渡过难关，在税收财政补贴等方面对企业进行扶持。
政策方面亦有反应。2月1日，中国人民银行、财政部、中国银保监会等五部门联合印发《关于进一步强化金融支持防控新型冠状病毒感染肺炎疫情的通知》称，对受疫情影响较大的批发零售、住宿餐饮、物流运输、文化旅游等行业，以及有发展前景但受疫情影响暂遇困难的企业，特别是小微企业，不得盲目抽贷、断贷、压贷。
但截至目前，还未有直接利好商业地产的补贴政策出台。易居研究院智库中心研究总监严跃进称，春节期间的商业及零售业明显受到冲击，有必要后续针对商业地产进行补贴。
葛海峰表示，中国商业地产整体发展还不成熟，商业运营能力有待提升，这次疫情可能是对商业运营能力的一次阶段性测试和成果检验。“其中肯定会暴露问题，但也是对运营商的警示和激励。”
魏东的观点与之印证。疫情的爆发属于突发事件，从目前来看，应对得较好的，都是在商业地产运营中较有经验且运营良好的企业，平时运营管理就跟不上的，在突发事件到来之际往往管理上更易出现漏洞。
“业主租金收入的减少必然会带来一定压力，但国内开发商大多以多物业类型进行资产配置，商业租金收益相对占比有限。”葛海峰的观点较为乐观。他认为，此类危机对大型开发商和商业运营商的影响不会太大，但对于一些中小型业主或单纯以商业运营为主的业主而言，可能会造成现金流压力。
中信建投2月5日发布对宝龙商业年度盈利预告的相关研报称，“由于公司收入主要来自于固定零售商业物管费，因此受疫情影响短期来看不大，最终影响的评估仍有赖于后续疫情持续时间，以及疫情对零售行业冲击程度的跟踪。”宝龙商业发布的正面盈利预告称，2019年归母净利润（未扣除上市费用）同比增速不低于50%。
回归到一线。某不愿具名的国内央企地产公司高管向《中国企业家》表示，从商业地产的开发层面看，2020年的开工、销售计划都会大大向后延期。“特别是销售，在疫情退去后的一段时间，市场营销都会承受严峻考验和压力，因为购买心理的恢复，需要的不仅仅是时间。”
(image_address=""https://x0.ifengimg.com/ucms/2020_06/97100873EF02AF8BD88017480E4FB0E0C6547F34_w1080_h810.jpg"")
摄影：李艳艳
该高管告诉《中国企业家》，他的预感是，经此一“疫”，商业地产运营层面或将面临很大变化。因为他深刻意识到，人们对居住、办公、购物、度假、养老乃至子女教育的理念都会出现与过去几十年完全不同的理解，也许会在一些领域发生消费革命。
在魏东的观察中，目前很多商业地产运营商都在积极筹划应对危机措施。在此次疫情中，零售、餐饮、交通运输、影院消费等受的打击最大，而医疗健康、电子商务、在线教育、网游类的产业则有更多商机。因此，需要商业地产运营方根据市场走势来制定招商和运营策略。
抵御不确定
在2003年的“非典”疫情中，零售业也是受疫情影响最深、最直接的领域之一。北京市统计局数据显示，2003年4月，北京19家百货商场零售额同比下降17.6%，相比3月份下降26.7%。餐饮首当其冲，其次是休闲娱乐（如电影院）、体验类（如书店），对“客流即生命”的实体零售商而言，疫情无疑是巨大的挑战。
仲量联行某不具名研究人士称，相较2003年，我们所处的市场虽拥有更庞大的体量、更强的常规风险抵御能力，但面临疫情等突发意外事件时，也更加脆弱，容错空间更小。市场各方参与者不能因“非典”那一年的市场恢复速度而盲目乐观，但也应保持基本信心，主动提前采取措施。
业内目前关心的是，此次疫情突袭，商业地产在发展过程中，应该如何抵御不确定性，尽可能消减损失、降低风险？
葛海峰建议，疫情初期，建议商业地产商迅速启动危机管理，想尽办法节约开支，控制现金流。疫情后期，寻觅促销时机与方式。“比如率先启动打折策略，抢占重新激活的消费市场。”在“非典”疫情稳定之后,消费者被抑制的消费需求曾经迅速膨胀，出现消费反弹现象。
“任何突发事件都可以给一些企业带来危机，同时给另外一些企业带来机会。”魏东表示。在疫情爆发、客户不能到店消费的情况下，线上线下相结合的方式将发挥更大作用。随着5G技术发展，智慧商业能更好将技术和消费结合，这次疫情爆发让这种消费模式变得更为迫切。
对于线上线下的结合方式，葛海峰认为，社区商业、“最后一公里”到家服务也将面临新的发展机遇。另外，抗疫情也会促使商业运营企业在商业地产大数据建设、基于数据层面的运用能力得到更大提升。
研究人士提及的方向已有最新试水者。近期，印力、龙湖推出帮扶措施，协助商户开通针对消费者生活必需用品的线上销售渠道，或予以租户一定的线上推广资源。诸如“打通最后一公里”的智慧社区概念也在碧桂园、融创等开发商中大范围实践。
而国内商业地产是否已经做好了应对突发公共卫生事件的长远准备？
一位地产行业高管对《中国企业家》表示，他们应对疫情的长期准备，不在于疫情高峰的持续时间，而是由于疫情所引发的以及疫情过后，生活方式、消费方式、社会治理包括公共卫生的变革，这是对商业地产的历史性冲击。这些冲击早该随社会其他方面的进步而到来，但行业自身的固化理念一直很难去顺应。
“但是现在，疫情来了，环境改变了，商业地产的从业者们准备好了吗？”
（文中涉及商户姓名，皆为化名）"	2020-02-06 21:16:58
多家中央企业增加生活必需品生产供应	"新华社北京2月6日电（记者王希）记者从国务院国资委了解到，连日来多家中央企业快速复工、重组产能，做好生产组织和物流调度，确保全国各地粮食、肉蛋奶、蔬菜等居民生活必需品稳定供应，特别是做好湖北省和武汉市供应保障。
作为我国最大的粮油食品企业，中粮集团在疫情防控期间“不停工、保生产、保供应”，并承诺米面油等重要民生商品价格不涨、质量不降、供应不断。目前，中粮集团每天发往武汉市场的大米超过200吨、面粉面条合计约50吨、食用油约300吨。全国范围内，中粮集团旗下企业增强米面等主粮备货发运力度，中粮油脂国内全部经营区域、30家经营企业主动与地方政府协调沟通，申请保障生产复工。
中储粮集团各分公司应急加工点迅速启动加工作业，各地直属库积极做好轮换销售出库，切实保障粮油供应和市场稳定。例如，中储粮湖南分公司已加工5个批次、数百吨大米投放市场；成都分公司近期将投放市场3万吨粮食，以满足市场需求。
疫情发生以来，中盐集团组织所属食盐生产企业加大生产力度，加强食盐储备、市场价格监控，针对重点地区启动食盐应急调配方案。据了解，中盐集团旗下除了湖北省企业外，已全面开展生产，全国食盐日产量约5000吨，可持续保障各地食盐供应，目前全国食盐市场稳定。
面对疫情，华润集团充分发挥多元化民生类企业特性，在保障燃气、电力稳定供应的同时，旗下华润万家等销售企业大量采购粮油、肉蛋奶、蔬菜等，有力保障了居民生活必需品的持续稳定供应。"	2020-02-06 21:10:00
四大行：近期定期存款到期将自动延期	"记者2月6日从工、农、中、建四大行了解到，为减少客户不必要的外出，四大行对个人本外币定期存款产品政策做出调整，近期到期的存款，将按存入时约定的利率自动延期至2020年3月31日。
工商银行表示，若客户持有工行2020年1月24日（含）至2020年3月31日（含）期间到期的个人本外币定期存款纸质存单（含整存整取、大额存单），在2020年3月31日前不便前往营业网点办理支取和续存等交易，该行将按照原利率计息至2020年3月31日。工行客户还可通过网上银行、手机银行在线办理未开立纸质存单定期存款的到期转存业务。
农业银行公告显示，若客户持有农行2020年1月24日（含）至2020年3月31日（含）期间到期的、未约定转存的个人本外币定期存款（含整存整取定期存单、定期一本通存折、以存单存折开立的“农行银利多”、纸质个人大额存单），农行将按照原定期存款利率计付利息至2020年3月31日。
中国银行表示，若客户持有中行使用纸质定期一本通、储蓄存单开立的大额存单，或已设定为到期不转存的整存整取存款，到期日在2020年1月31日（含）至2020年3月31日（含）期间，中行将按存入时约定的利率将该笔存款自动延期至2020年3月31日。
建设银行发布公告称，若客户持有建行使用纸质定期一本通、储蓄存单开立的旺财存款或已设定为到期不转存的整存整取存款，到期日在2020年1月31日（含）至2020年3月31日（含）期间，建行将按存入时约定的利率将该笔存款自动延期至2020年3月31日，客户可选择在疫情相对平稳后至建行营业网点办理支取及后续业务。
业内人士提醒，当前，居家是最好的防护，各家银行的手机银行、网上银行可7×24小时提供便捷的金融服务，客户应减少不必要的外出。（记者吴雨、李延霞）"	2020-02-06 21:10:00
